<?xml version="1.0" encoding="UTF-8"?>
<metadata xml:lang="en"><Esri><CreaDate>20210625</CreaDate><CreaTime>19153200</CreaTime><ArcGISFormat>1.0</ArcGISFormat><SyncOnce>FALSE</SyncOnce><DataProperties><itemProps><itemName Sync="TRUE">VILLAGE</itemName><imsContentType Sync="TRUE">002</imsContentType><itemSize Sync="TRUE">0.000</itemSize><itemLocation><linkage Sync="TRUE">file://\\NGDC_1\D\UPDATION_ADM_BDY_2018\1_FOR G2G\VILLAGE_G2G_PORTAL_as_ABDB\GOA\GOA.gdb</linkage><protocol Sync="TRUE">Local Area Network</protocol></itemLocation></itemProps><lineage><Process ToolSource="c:\program files (x86)\arcgis\desktop10.5\ArcToolbox\Toolboxes\Conversion Tools.tbx\FeatureClassToFeatureClass" Date="20181030" Time="100258">FeatureClassToFeatureClass F:\ABDB_VILLAGE_2018\ABDB_MP\Estate_bdy.dgn\Polyline F:\ABDB_VILLAGE_2018\ABDB_MP\SHAPE_VILLAGE_MP_2018\ESTATE ESTATE_BDY.shp # "Entity "Entity" true true false 16 Text 0 0 ,First,#,F:\ABDB_VILLAGE_2018\ABDB_MP\Estate_bdy.dgn\Polyline,Entity,-1,-1;Handle "Handle" true true false 16 Text 0 0 ,First,#,F:\ABDB_VILLAGE_2018\ABDB_MP\Estate_bdy.dgn\Polyline,Handle,-1,-1;Level "Level" true true false 4 Long 0 0 ,First,#,F:\ABDB_VILLAGE_2018\ABDB_MP\Estate_bdy.dgn\Polyline,Level,-1,-1;Layer "Layer" true true false 255 Text 0 0 ,First,#,F:\ABDB_VILLAGE_2018\ABDB_MP\Estate_bdy.dgn\Polyline,Layer,-1,-1;LvlDesc "LvlDesc" true true false 255 Text 0 0 ,First,#,F:\ABDB_VILLAGE_2018\ABDB_MP\Estate_bdy.dgn\Polyline,LvlDesc,-1,-1;LyrFrzn "LyrFrzn" true true false 2 Short 0 0 ,First,#,F:\ABDB_VILLAGE_2018\ABDB_MP\Estate_bdy.dgn\Polyline,LyrFrzn,-1,-1;LyrLock "LyrLock" true true false 2 Short 0 0 ,First,#,F:\ABDB_VILLAGE_2018\ABDB_MP\Estate_bdy.dgn\Polyline,LyrLock,-1,-1;LyrOn "LyrOn" true true false 2 Short 0 0 ,First,#,F:\ABDB_VILLAGE_2018\ABDB_MP\Estate_bdy.dgn\Polyline,LyrOn,-1,-1;LvlPlot "LvlPlot" true true false 2 Short 0 0 ,First,#,F:\ABDB_VILLAGE_2018\ABDB_MP\Estate_bdy.dgn\Polyline,LvlPlot,-1,-1;Color "Color" true true false 2 Short 0 0 ,First,#,F:\ABDB_VILLAGE_2018\ABDB_MP\Estate_bdy.dgn\Polyline,Color,-1,-1;EntColor "EntColor" true true false 2 Short 0 0 ,First,#,F:\ABDB_VILLAGE_2018\ABDB_MP\Estate_bdy.dgn\Polyline,EntColor,-1,-1;LyrColor "LyrColor" true true false 2 Short 0 0 ,First,#,F:\ABDB_VILLAGE_2018\ABDB_MP\Estate_bdy.dgn\Polyline,LyrColor,-1,-1;Linetype "Linetype" true true false 255 Text 0 0 ,First,#,F:\ABDB_VILLAGE_2018\ABDB_MP\Estate_bdy.dgn\Polyline,Linetype,-1,-1;EntLinetyp "EntLinetyp" true true false 255 Text 0 0 ,First,#,F:\ABDB_VILLAGE_2018\ABDB_MP\Estate_bdy.dgn\Polyline,EntLinetype,-1,-1;LyrLnType "LyrLnType" true true false 255 Text 0 0 ,First,#,F:\ABDB_VILLAGE_2018\ABDB_MP\Estate_bdy.dgn\Polyline,LyrLnType,-1,-1;Elevation "Elevation" true true false 8 Double 0 0 ,First,#,F:\ABDB_VILLAGE_2018\ABDB_MP\Estate_bdy.dgn\Polyline,Elevation,-1,-1;Class "Class" true true false 24 Text 0 0 ,First,#,F:\ABDB_VILLAGE_2018\ABDB_MP\Estate_bdy.dgn\Polyline,Class,-1,-1;GGroup "GGroup" true true false 2 Short 0 0 ,First,#,F:\ABDB_VILLAGE_2018\ABDB_MP\Estate_bdy.dgn\Polyline,GGroup,-1,-1;CadModel "CadModel" true true false 255 Text 0 0 ,First,#,F:\ABDB_VILLAGE_2018\ABDB_MP\Estate_bdy.dgn\Polyline,CadModel,-1,-1;Fill "Fill" true true false 2 Short 0 0 ,First,#,F:\ABDB_VILLAGE_2018\ABDB_MP\Estate_bdy.dgn\Polyline,Fill,-1,-1;LineWt "LineWt" true true false 2 Short 0 0 ,First,#,F:\ABDB_VILLAGE_2018\ABDB_MP\Estate_bdy.dgn\Polyline,LineWt,-1,-1;EntLineWt "EntLineWt" true true false 2 Short 0 0 ,First,#,F:\ABDB_VILLAGE_2018\ABDB_MP\Estate_bdy.dgn\Polyline,EntLineWt,-1,-1;LyrLineWt "LyrLineWt" true true false 2 Short 0 0 ,First,#,F:\ABDB_VILLAGE_2018\ABDB_MP\Estate_bdy.dgn\Polyline,LyrLineWt,-1,-1;RefName "RefName" true true false 255 Text 0 0 ,First,#,F:\ABDB_VILLAGE_2018\ABDB_MP\Estate_bdy.dgn\Polyline,RefName,-1,-1;LTScale "LTScale" true true false 8 Double 0 0 ,First,#,F:\ABDB_VILLAGE_2018\ABDB_MP\Estate_bdy.dgn\Polyline,LTScale,-1,-1;QrotW "QrotW" true true false 8 Double 0 0 ,First,#,F:\ABDB_VILLAGE_2018\ABDB_MP\Estate_bdy.dgn\Polyline,QrotW,-1,-1;QrotX "QrotX" true true false 8 Double 0 0 ,First,#,F:\ABDB_VILLAGE_2018\ABDB_MP\Estate_bdy.dgn\Polyline,QrotX,-1,-1;QrotY "QrotY" true true false 8 Double 0 0 ,First,#,F:\ABDB_VILLAGE_2018\ABDB_MP\Estate_bdy.dgn\Polyline,QrotY,-1,-1;QrotZ "QrotZ" true true false 8 Double 0 0 ,First,#,F:\ABDB_VILLAGE_2018\ABDB_MP\Estate_bdy.dgn\Polyline,QrotZ,-1,-1;DocName "DocName" true true false 255 Text 0 0 ,First,#,F:\ABDB_VILLAGE_2018\ABDB_MP\Estate_bdy.dgn\Polyline,DocName,-1,-1;DocPath "DocPath" true true false 4096 Text 0 0 ,First,#,F:\ABDB_VILLAGE_2018\ABDB_MP\Estate_bdy.dgn\Polyline,DocPath,-1,-1;DocType "DocType" true true false 32 Text 0 0 ,First,#,F:\ABDB_VILLAGE_2018\ABDB_MP\Estate_bdy.dgn\Polyline,DocType,-1,-1;DocVer "DocVer" true true false 16 Text 0 0 ,First,#,F:\ABDB_VILLAGE_2018\ABDB_MP\Estate_bdy.dgn\Polyline,DocVer,-1,-1" #</Process><Process ToolSource="c:\program files (x86)\arcgis\desktop10.4\ArcToolbox\Toolboxes\Data Management Tools.tbx\CalculateField" Date="20181128" Time="160542">CalculateField State_bdry STATE "Disputed" VB #</Process><Process ToolSource="c:\program files (x86)\arcgis\desktop10.5\ArcToolbox\Toolboxes\Conversion Tools.tbx\FeatureClassToFeatureClass" Date="20181217" Time="104212">FeatureClassToFeatureClass F:\INTER_STATE_BDY\India_ADM_Boundary_7_dec2018\Gujarat_final.mdb\Village\Village F:\INTER_STATE_BDY\India_ADM_Boundary_7_dec2018\GUJARAT\GUJARAT.gdb\BOUNDARY Village # "OBJECTID_1 "OBJECTID_1" true true false 4 Long 0 0 ,First,#,F:\INTER_STATE_BDY\India_ADM_Boundary_7_dec2018\Gujarat_final.mdb\Village\Village,OBJECTID_1,-1,-1;OBJECTID "OBJECTID" true true false 4 Long 0 0 ,First,#,F:\INTER_STATE_BDY\India_ADM_Boundary_7_dec2018\Gujarat_final.mdb\Village\Village,OBJECTID,-1,-1;Id "Id" true true false 4 Long 0 0 ,First,#,F:\INTER_STATE_BDY\India_ADM_Boundary_7_dec2018\Gujarat_final.mdb\Village\Village,Id,-1,-1;Remarks "Remarks" true true false 50 Text 0 0 ,First,#,F:\INTER_STATE_BDY\India_ADM_Boundary_7_dec2018\Gujarat_final.mdb\Village\Village,Remarks,-1,-1;STATE "STATE" true true false 50 Text 0 0 ,First,#,F:\INTER_STATE_BDY\India_ADM_Boundary_7_dec2018\Gujarat_final.mdb\Village\Village,STATE,-1,-1;Shape_Leng "Shape_Leng" true true false 8 Double 0 0 ,First,#,F:\INTER_STATE_BDY\India_ADM_Boundary_7_dec2018\Gujarat_final.mdb\Village\Village,Shape_Leng,-1,-1;VILLAGE "VILLAGE" true true false 50 Text 0 0 ,First,#,F:\INTER_STATE_BDY\India_ADM_Boundary_7_dec2018\Gujarat_final.mdb\Village\Village,VILLAGE,-1,-1;TEHSIL "TEHSIL" true true false 50 Text 0 0 ,First,#,F:\INTER_STATE_BDY\India_ADM_Boundary_7_dec2018\Gujarat_final.mdb\Village\Village,TEHSIL,-1,-1;DISTRICT "DISTRICT" true true false 50 Text 0 0 ,First,#,F:\INTER_STATE_BDY\India_ADM_Boundary_7_dec2018\Gujarat_final.mdb\Village\Village,DISTRICT,-1,-1;Shape_Le_1 "Shape_Le_1" true true false 8 Double 0 0 ,First,#,F:\INTER_STATE_BDY\India_ADM_Boundary_7_dec2018\Gujarat_final.mdb\Village\Village,Shape_Le_1,-1,-1;Shape_Length "Shape_Length" false true true 8 Double 0 0 ,First,#,F:\INTER_STATE_BDY\India_ADM_Boundary_7_dec2018\Gujarat_final.mdb\Village\Village,Shape_Length,-1,-1;Shape_Area "Shape_Area" false true true 8 Double 0 0 ,First,#,F:\INTER_STATE_BDY\India_ADM_Boundary_7_dec2018\Gujarat_final.mdb\Village\Village,Shape_Area,-1,-1" #</Process><Process ToolSource="c:\program files (x86)\arcgis\desktop10.5\ArcToolbox\Toolboxes\Conversion Tools.tbx\FeatureClassToFeatureClass" Date="20190509" Time="092039">FeatureClassToFeatureClass D:\UPDATION_ADM_BDY_2018\1_VILLAGE_BDY_LCCWGS84_2018\GUJARAT\GUJARAT.gdb\BOUNDARY\Village C:\VILLAGE_UPDATION_2019\VILLAGE_BDY.gdb\BOUNDARY VILLAGE_WEST # "OBJECTID_1 "OBJECTID_1" true true false 4 Long 0 0 ,First,#,D:\UPDATION_ADM_BDY_2018\1_VILLAGE_BDY_LCCWGS84_2018\GUJARAT\GUJARAT.gdb\BOUNDARY\Village,OBJECTID_1,-1,-1;OBJECTID "OBJECTID" true true false 4 Long 0 0 ,First,#,D:\UPDATION_ADM_BDY_2018\1_VILLAGE_BDY_LCCWGS84_2018\GUJARAT\GUJARAT.gdb\BOUNDARY\Village,OBJECTID,-1,-1;Id "Id" true true false 4 Long 0 0 ,First,#,D:\UPDATION_ADM_BDY_2018\1_VILLAGE_BDY_LCCWGS84_2018\GUJARAT\GUJARAT.gdb\BOUNDARY\Village,Id,-1,-1;Remarks "Remarks" true true false 50 Text 0 0 ,First,#,D:\UPDATION_ADM_BDY_2018\1_VILLAGE_BDY_LCCWGS84_2018\GUJARAT\GUJARAT.gdb\BOUNDARY\Village,Remarks,-1,-1;STATE "STATE" true true false 50 Text 0 0 ,First,#,D:\UPDATION_ADM_BDY_2018\1_VILLAGE_BDY_LCCWGS84_2018\GUJARAT\GUJARAT.gdb\BOUNDARY\Village,STATE,-1,-1;Shape_Leng "Shape_Leng" true true false 8 Double 0 0 ,First,#,D:\UPDATION_ADM_BDY_2018\1_VILLAGE_BDY_LCCWGS84_2018\GUJARAT\GUJARAT.gdb\BOUNDARY\Village,Shape_Leng,-1,-1;VILLAGE "VILLAGE" true true false 50 Text 0 0 ,First,#,D:\UPDATION_ADM_BDY_2018\1_VILLAGE_BDY_LCCWGS84_2018\GUJARAT\GUJARAT.gdb\BOUNDARY\Village,VILLAGE,-1,-1;TEHSIL "TEHSIL" true true false 50 Text 0 0 ,First,#,D:\UPDATION_ADM_BDY_2018\1_VILLAGE_BDY_LCCWGS84_2018\GUJARAT\GUJARAT.gdb\BOUNDARY\Village,TEHSIL,-1,-1;DISTRICT "DISTRICT" true true false 50 Text 0 0 ,First,#,D:\UPDATION_ADM_BDY_2018\1_VILLAGE_BDY_LCCWGS84_2018\GUJARAT\GUJARAT.gdb\BOUNDARY\Village,DISTRICT,-1,-1;Shape_Le_1 "Shape_Le_1" true true false 8 Double 0 0 ,First,#,D:\UPDATION_ADM_BDY_2018\1_VILLAGE_BDY_LCCWGS84_2018\GUJARAT\GUJARAT.gdb\BOUNDARY\Village,Shape_Le_1,-1,-1;Shape_Length "Shape_Length" false true true 8 Double 0 0 ,First,#,D:\UPDATION_ADM_BDY_2018\1_VILLAGE_BDY_LCCWGS84_2018\GUJARAT\GUJARAT.gdb\BOUNDARY\Village,Shape_Length,-1,-1;Shape_Area "Shape_Area" false true true 8 Double 0 0 ,First,#,D:\UPDATION_ADM_BDY_2018\1_VILLAGE_BDY_LCCWGS84_2018\GUJARAT\GUJARAT.gdb\BOUNDARY\Village,Shape_Area,-1,-1" #</Process><Process ToolSource="c:\program files (x86)\arcgis\desktop10.7\ArcToolbox\Toolboxes\Conversion Tools.tbx\FeatureClassToFeatureClass" Date="20200515" Time="110047">FeatureClassToFeatureClass "D:\UPDATION_ADM_BDY_2018\1_FOR G2G\VILLAGE_G2G_PORTAL_as_ABDB\GOA\VILLAGE_GOA.shp" "D:\UPDATION_ADM_BDY_2018\1_FOR G2G\VILLAGE_G2G_PORTAL_as_ABDB\GOA\GOA.gdb" VILLAGE # "Id "Id" true true false 10 Long 0 10 ,First,#,D:\UPDATION_ADM_BDY_2018\1_FOR G2G\VILLAGE_G2G_PORTAL_as_ABDB\GOA\VILLAGE_GOA.shp,Id,-1,-1;Remarks "Remarks" true true false 50 Text 0 0 ,First,#,D:\UPDATION_ADM_BDY_2018\1_FOR G2G\VILLAGE_G2G_PORTAL_as_ABDB\GOA\VILLAGE_GOA.shp,Remarks,-1,-1;STATE "STATE" true true false 50 Text 0 0 ,First,#,D:\UPDATION_ADM_BDY_2018\1_FOR G2G\VILLAGE_G2G_PORTAL_as_ABDB\GOA\VILLAGE_GOA.shp,STATE,-1,-1;VILLAGE "VILLAGE" true true false 50 Text 0 0 ,First,#,D:\UPDATION_ADM_BDY_2018\1_FOR G2G\VILLAGE_G2G_PORTAL_as_ABDB\GOA\VILLAGE_GOA.shp,VILLAGE,-1,-1;TEHSIL "TEHSIL" true true false 50 Text 0 0 ,First,#,D:\UPDATION_ADM_BDY_2018\1_FOR G2G\VILLAGE_G2G_PORTAL_as_ABDB\GOA\VILLAGE_GOA.shp,TEHSIL,-1,-1;DISTRICT "DISTRICT" true true false 50 Text 0 0 ,First,#,D:\UPDATION_ADM_BDY_2018\1_FOR G2G\VILLAGE_G2G_PORTAL_as_ABDB\GOA\VILLAGE_GOA.shp,DISTRICT,-1,-1" #</Process></lineage><coordRef><type Sync="TRUE">Projected</type><geogcsn Sync="TRUE">GCS_WGS_1984</geogcsn><csUnits Sync="TRUE">Linear Unit: Meter (1.000000)</csUnits><projcsn Sync="TRUE">LCC_WGS84</projcsn><peXml Sync="TRUE">&lt;ProjectedCoordinateSystem xsi:type='typens:ProjectedCoordinateSystem' xmlns:xsi='http://www.w3.org/2001/XMLSchema-instance' xmlns:xs='http://www.w3.org/2001/XMLSchema' xmlns:typens='http://www.esri.com/schemas/ArcGIS/10.7'&gt;&lt;WKT&gt;PROJCS[&amp;quot;LCC_WGS84&amp;quot;,GEOGCS[&amp;quot;GCS_WGS_1984&amp;quot;,DATUM[&amp;quot;D_WGS_1984&amp;quot;,SPHEROID[&amp;quot;WGS_1984&amp;quot;,6378137.0,298.257223563]],PRIMEM[&amp;quot;Greenwich&amp;quot;,0.0],UNIT[&amp;quot;Degree&amp;quot;,0.0174532925199433]],PROJECTION[&amp;quot;Lambert_Conformal_Conic&amp;quot;],PARAMETER[&amp;quot;False_Easting&amp;quot;,4000000.0],PARAMETER[&amp;quot;False_Northing&amp;quot;,4000000.0],PARAMETER[&amp;quot;Central_Meridian&amp;quot;,80.0],PARAMETER[&amp;quot;Standard_Parallel_1&amp;quot;,12.4729444444],PARAMETER[&amp;quot;Standard_Parallel_2&amp;quot;,35.1728055555],PARAMETER[&amp;quot;Scale_Factor&amp;quot;,1.0],PARAMETER[&amp;quot;Latitude_Of_Origin&amp;quot;,24.0],UNIT[&amp;quot;Meter&amp;quot;,1.0]]&lt;/WKT&gt;&lt;XOrigin&gt;-35091300&lt;/XOrigin&gt;&lt;YOrigin&gt;-22777300&lt;/YOrigin&gt;&lt;XYScale&gt;10000&lt;/XYScale&gt;&lt;ZOrigin&gt;-100000&lt;/ZOrigin&gt;&lt;ZScale&gt;10000&lt;/ZScale&gt;&lt;MOrigin&gt;-100000&lt;/MOrigin&gt;&lt;MScale&gt;10000&lt;/MScale&gt;&lt;XYTolerance&gt;0.001&lt;/XYTolerance&gt;&lt;ZTolerance&gt;0.001&lt;/ZTolerance&gt;&lt;MTolerance&gt;0.001&lt;/MTolerance&gt;&lt;HighPrecision&gt;true&lt;/HighPrecision&gt;&lt;/ProjectedCoordinateSystem&gt;</peXml></coordRef></DataProperties><SyncDate>20200515</SyncDate><SyncTime>11004600</SyncTime><ModDate>20200515</ModDate><ModTime>11004600</ModTime></Esri><dataIdInfo><envirDesc Sync="TRUE">Microsoft Windows 7 Version 6.1 (Build 7601) Service Pack 1; Esri ArcGIS 10.7.1.11595</envirDesc><dataLang><languageCode value="eng" Sync="TRUE"></languageCode><countryCode value="IND" Sync="TRUE"></countryCode></dataLang><idCitation><resTitle Sync="TRUE">VILLAGE</resTitle><presForm><PresFormCd value="005" Sync="TRUE"></PresFormCd></presForm></idCitation><spatRpType><SpatRepTypCd value="001" Sync="TRUE"></SpatRepTypCd></spatRpType></dataIdInfo><mdLang><languageCode value="eng" Sync="TRUE"></languageCode><countryCode value="IND" Sync="TRUE"></countryCode></mdLang><mdChar><CharSetCd value="004" Sync="TRUE"></CharSetCd></mdChar><distInfo><distFormat><formatName Sync="TRUE">File Geodatabase Feature Class</formatName></distFormat><distTranOps><transSize Sync="TRUE">0.000</transSize></distTranOps></distInfo><mdHrLv><ScopeCd value="005" Sync="TRUE"></ScopeCd></mdHrLv><mdHrLvName Sync="TRUE">dataset</mdHrLvName><spatRepInfo><VectSpatRep><geometObjs Name="VILLAGE"><geoObjTyp><GeoObjTypCd value="002" Sync="TRUE"></GeoObjTypCd></geoObjTyp><geoObjCnt Sync="TRUE">0</geoObjCnt></geometObjs><topLvl><TopoLevCd value="001" Sync="TRUE"></TopoLevCd></topLvl></VectSpatRep></spatRepInfo><spdoinfo><ptvctinf><esriterm Name="VILLAGE"><efeatyp Sync="TRUE">Simple</efeatyp><efeageom code="4" Sync="TRUE"></efeageom><esritopo Sync="TRUE">FALSE</esritopo><efeacnt Sync="TRUE">0</efeacnt><spindex Sync="TRUE">TRUE</spindex><linrefer Sync="TRUE">FALSE</linrefer></esriterm></ptvctinf></spdoinfo><eainfo><detailed Name="VILLAGE"><enttyp><enttypl Sync="TRUE">VILLAGE</enttypl><enttypt Sync="TRUE">Feature Class</enttypt><enttypc Sync="TRUE">0</enttypc></enttyp><attr><attrlabl Sync="TRUE">OBJECTID</attrlabl><attalias Sync="TRUE">OBJECTID</attalias><attrtype Sync="TRUE">OID</attrtype><attwidth Sync="TRUE">4</attwidth><atprecis Sync="TRUE">0</atprecis><attscale Sync="TRUE">0</attscale><attrdef Sync="TRUE">Internal feature number.</attrdef><attrdefs Sync="TRUE">Esri</attrdefs><attrdomv><udom Sync="TRUE">Sequential unique whole numbers that are automatically generated.</udom></attrdomv></attr><attr><attrlabl Sync="TRUE">Shape</attrlabl><attalias Sync="TRUE">Shape</attalias><attrtype Sync="TRUE">Geometry</attrtype><attwidth Sync="TRUE">0</attwidth><atprecis Sync="TRUE">0</atprecis><attscale Sync="TRUE">0</attscale><attrdef Sync="TRUE">Feature geometry.</attrdef><attrdefs Sync="TRUE">Esri</attrdefs><attrdomv><udom Sync="TRUE">Coordinates defining the features.</udom></attrdomv></attr><attr><attrlabl Sync="TRUE">Id</attrlabl><attalias Sync="TRUE">Id</attalias><attrtype Sync="TRUE">Integer</attrtype><attwidth Sync="TRUE">4</attwidth><atprecis Sync="TRUE">0</atprecis><attscale Sync="TRUE">0</attscale></attr><attr><attrlabl Sync="TRUE">Remarks</attrlabl><attalias Sync="TRUE">Remarks</attalias><attrtype Sync="TRUE">String</attrtype><attwidth Sync="TRUE">50</attwidth><atprecis Sync="TRUE">0</atprecis><attscale Sync="TRUE">0</attscale></attr><attr><attrlabl Sync="TRUE">STATE</attrlabl><attalias Sync="TRUE">STATE</attalias><attrtype Sync="TRUE">String</attrtype><attwidth Sync="TRUE">50</attwidth><atprecis Sync="TRUE">0</atprecis><attscale Sync="TRUE">0</attscale></attr><attr><attrlabl Sync="TRUE">VILLAGE</attrlabl><attalias Sync="TRUE">VILLAGE</attalias><attrtype Sync="TRUE">String</attrtype><attwidth Sync="TRUE">50</attwidth><atprecis Sync="TRUE">0</atprecis><attscale Sync="TRUE">0</attscale></attr><attr><attrlabl Sync="TRUE">TEHSIL</attrlabl><attalias Sync="TRUE">TEHSIL</attalias><attrtype Sync="TRUE">String</attrtype><attwidth Sync="TRUE">50</attwidth><atprecis Sync="TRUE">0</atprecis><attscale Sync="TRUE">0</attscale></attr><attr><attrlabl Sync="TRUE">DISTRICT</attrlabl><attalias Sync="TRUE">DISTRICT</attalias><attrtype Sync="TRUE">String</attrtype><attwidth Sync="TRUE">50</attwidth><atprecis Sync="TRUE">0</atprecis><attscale Sync="TRUE">0</attscale></attr><attr><attrlabl Sync="TRUE">Shape_Length</attrlabl><attalias Sync="TRUE">Shape_Length</attalias><attrtype Sync="TRUE">Double</attrtype><attwidth Sync="TRUE">8</attwidth><atprecis Sync="TRUE">0</atprecis><attscale Sync="TRUE">0</attscale><attrdef Sync="TRUE">Length of feature in internal units.</attrdef><attrdefs Sync="TRUE">Esri</attrdefs><attrdomv><udom Sync="TRUE">Positive real numbers that are automatically generated.</udom></attrdomv></attr><attr><attrlabl Sync="TRUE">Shape_Area</attrlabl><attalias Sync="TRUE">Shape_Area</attalias><attrtype Sync="TRUE">Double</attrtype><attwidth Sync="TRUE">8</attwidth><atprecis Sync="TRUE">0</atprecis><attscale Sync="TRUE">0</attscale><attrdef Sync="TRUE">Area of feature in internal units squared.</attrdef><attrdefs Sync="TRUE">Esri</attrdefs><attrdomv><udom Sync="TRUE">Positive real numbers that are automatically generated.</udom></attrdomv></attr></detailed></eainfo><mdDateSt Sync="TRUE">20200515</mdDateSt><refSysInfo><RefSystem><refSysID><identCode code="0" Sync="TRUE"></identCode></refSysID></RefSystem></refSysInfo></metadata>
