<?xml version="1.0" encoding="UTF-8"?>
<metadata xml:lang="en"><Esri><CreaDate>20210625</CreaDate><CreaTime>20314200</CreaTime><ArcGISFormat>1.0</ArcGISFormat><SyncOnce>FALSE</SyncOnce><DataProperties><itemProps><itemName Sync="TRUE">VILLAGE_DELHI</itemName><imsContentType Sync="TRUE">002</imsContentType><itemSize Sync="TRUE">0.000</itemSize><itemLocation><linkage Sync="TRUE">file://\\NGDC_1\D\UPDATION_ADM_BDY_2018\1_VILLAGE_BDY_LCCWGS84_2018\DELHI\DELHI.gdb</linkage><protocol Sync="TRUE">Local Area Network</protocol></itemLocation></itemProps><coordRef><type Sync="TRUE">Projected</type><geogcsn Sync="TRUE">GCS_WGS_1984</geogcsn><csUnits Sync="TRUE">Linear Unit: Meter (1.000000)</csUnits><projcsn Sync="TRUE">LCC_WGS84</projcsn><peXml Sync="TRUE">&lt;ProjectedCoordinateSystem xsi:type='typens:ProjectedCoordinateSystem' xmlns:xsi='http://www.w3.org/2001/XMLSchema-instance' xmlns:xs='http://www.w3.org/2001/XMLSchema' xmlns:typens='http://www.esri.com/schemas/ArcGIS/10.5'&gt;&lt;WKT&gt;PROJCS[&amp;quot;LCC_WGS84&amp;quot;,GEOGCS[&amp;quot;GCS_WGS_1984&amp;quot;,DATUM[&amp;quot;D_WGS_1984&amp;quot;,SPHEROID[&amp;quot;WGS_1984&amp;quot;,6378137.0,298.257223563]],PRIMEM[&amp;quot;Greenwich&amp;quot;,0.0],UNIT[&amp;quot;Degree&amp;quot;,0.0174532925199433]],PROJECTION[&amp;quot;Lambert_Conformal_Conic&amp;quot;],PARAMETER[&amp;quot;False_Easting&amp;quot;,4000000.0],PARAMETER[&amp;quot;False_Northing&amp;quot;,4000000.0],PARAMETER[&amp;quot;Central_Meridian&amp;quot;,80.0],PARAMETER[&amp;quot;Standard_Parallel_1&amp;quot;,12.472944],PARAMETER[&amp;quot;Standard_Parallel_2&amp;quot;,35.172806],PARAMETER[&amp;quot;Scale_Factor&amp;quot;,1.0],PARAMETER[&amp;quot;Latitude_Of_Origin&amp;quot;,24.0],UNIT[&amp;quot;Meter&amp;quot;,1.0]]&lt;/WKT&gt;&lt;XOrigin&gt;-35091300&lt;/XOrigin&gt;&lt;YOrigin&gt;-22777300&lt;/YOrigin&gt;&lt;XYScale&gt;10000&lt;/XYScale&gt;&lt;ZOrigin&gt;-100000&lt;/ZOrigin&gt;&lt;ZScale&gt;10000&lt;/ZScale&gt;&lt;MOrigin&gt;-100000&lt;/MOrigin&gt;&lt;MScale&gt;10000&lt;/MScale&gt;&lt;XYTolerance&gt;0.001&lt;/XYTolerance&gt;&lt;ZTolerance&gt;0.001&lt;/ZTolerance&gt;&lt;MTolerance&gt;0.001&lt;/MTolerance&gt;&lt;HighPrecision&gt;true&lt;/HighPrecision&gt;&lt;/ProjectedCoordinateSystem&gt;</peXml></coordRef><lineage><Process ToolSource="c:\program files (x86)\arcgis\desktop10.4\ArcToolbox\Toolboxes\Data Management Tools.tbx\CalculateField" Date="20180725" Time="162802">CalculateField VILLAGE_BDRY STATE "PUNJAB" VB #</Process><Process ToolSource="c:\program files (x86)\arcgis\desktop10.4\ArcToolbox\Toolboxes\Data Management Tools.tbx\CalculateField" Date="20180727" Time="090900">CalculateField VILLAGE_BDRY TEHSIL "B&gt;BA BAK&gt;LA" VB #</Process><Process ToolSource="c:\program files (x86)\arcgis\desktop10.4\ArcToolbox\Toolboxes\Data Management Tools.tbx\CalculateField" Date="20180727" Time="090928">CalculateField VILLAGE_BDRY DISTRICT "AMRITSAR" VB #</Process><Process ToolSource="c:\program files (x86)\arcgis\desktop10.4\ArcToolbox\Toolboxes\Data Management Tools.tbx\CalculateField" Date="20180727" Time="091010">CalculateField VILLAGE_BDRY TEHSIL "AMRITSAR 2" VB #</Process><Process ToolSource="c:\program files (x86)\arcgis\desktop10.4\ArcToolbox\Toolboxes\Data Management Tools.tbx\CalculateField" Date="20180727" Time="091018">CalculateField VILLAGE_BDRY DISTRICT "AMRITSAR" VB #</Process><Process ToolSource="c:\program files (x86)\arcgis\desktop10.4\ArcToolbox\Toolboxes\Data Management Tools.tbx\CalculateField" Date="20180727" Time="091114">CalculateField VILLAGE_BDRY DISTRICT "AMRITSAR" VB #</Process><Process ToolSource="c:\program files (x86)\arcgis\desktop10.4\ArcToolbox\Toolboxes\Data Management Tools.tbx\CalculateField" Date="20180727" Time="091127">CalculateField VILLAGE_BDRY TEHSIL "AMRITSAR 1" VB #</Process><Process ToolSource="c:\program files (x86)\arcgis\desktop10.4\ArcToolbox\Toolboxes\Data Management Tools.tbx\CalculateField" Date="20180727" Time="091213">CalculateField VILLAGE_BDRY TEHSIL "AJN&gt;LA" VB #</Process><Process ToolSource="c:\program files (x86)\arcgis\desktop10.4\ArcToolbox\Toolboxes\Data Management Tools.tbx\CalculateField" Date="20180727" Time="091242">CalculateField VILLAGE_BDRY DISTRICT "AMRITSAR" VB #</Process><Process ToolSource="c:\program files (x86)\arcgis\desktop10.4\ArcToolbox\Toolboxes\Data Management Tools.tbx\CalculateField" Date="20180727" Time="091309">CalculateField VILLAGE_BDRY DISTRICT "AMRITSAR" VB #</Process><Process ToolSource="c:\program files (x86)\arcgis\desktop10.4\ArcToolbox\Toolboxes\Data Management Tools.tbx\CalculateField" Date="20180727" Time="091321">CalculateField VILLAGE_BDRY TEHSIL "TARN T&gt;RAN" VB #</Process><Process ToolSource="c:\program files (x86)\arcgis\desktop10.4\ArcToolbox\Toolboxes\Data Management Tools.tbx\CalculateField" Date="20180727" Time="091411">CalculateField VILLAGE_BDRY TEHSIL "KHADOOR S&gt;HIB" VB #</Process><Process ToolSource="c:\program files (x86)\arcgis\desktop10.4\ArcToolbox\Toolboxes\Data Management Tools.tbx\CalculateField" Date="20180727" Time="091432">CalculateField VILLAGE_BDRY DISTRICT "TARN T&gt;RAN" VB #</Process><Process ToolSource="c:\program files (x86)\arcgis\desktop10.4\ArcToolbox\Toolboxes\Data Management Tools.tbx\CalculateField" Date="20180727" Time="091509">CalculateField VILLAGE_BDRY DISTRICT "TARN T&gt;RAN" VB #</Process><Process ToolSource="c:\program files (x86)\arcgis\desktop10.4\ArcToolbox\Toolboxes\Data Management Tools.tbx\CalculateField" Date="20180727" Time="091535">CalculateField VILLAGE_BDRY DISTRICT "TARN T&gt;RAN" VB #</Process><Process ToolSource="c:\program files (x86)\arcgis\desktop10.4\ArcToolbox\Toolboxes\Data Management Tools.tbx\CalculateField" Date="20180727" Time="091547">CalculateField VILLAGE_BDRY TEHSIL "PATTI" VB #</Process><Process ToolSource="c:\program files (x86)\arcgis\desktop10.4\ArcToolbox\Toolboxes\Data Management Tools.tbx\CalculateField" Date="20180727" Time="093344">CalculateField VILLAGE_BDRY TEHSIL "S&gt;HID BHAGAT SINGH NAGAR" VB #</Process><Process ToolSource="c:\program files (x86)\arcgis\desktop10.4\ArcToolbox\Toolboxes\Data Management Tools.tbx\CalculateField" Date="20180727" Time="093410">CalculateField VILLAGE_BDRY DISTRICT "SHAHEED BHAGAT SINGH NAGAR" VB #</Process><Process ToolSource="c:\program files (x86)\arcgis\desktop10.4\ArcToolbox\Toolboxes\Data Management Tools.tbx\CalculateField" Date="20180727" Time="093437">CalculateField VILLAGE_BDRY TEHSIL "BAL&gt;CHAUR" VB #</Process><Process ToolSource="c:\program files (x86)\arcgis\desktop10.4\ArcToolbox\Toolboxes\Data Management Tools.tbx\CalculateField" Date="20180727" Time="093456">CalculateField VILLAGE_BDRY DISTRICT "SHAHEED BHAGAT SINGH NAGAR" VB #</Process><Process ToolSource="c:\program files (x86)\arcgis\desktop10.4\ArcToolbox\Toolboxes\Data Management Tools.tbx\CalculateField" Date="20180727" Time="093601">CalculateField VILLAGE_BDRY TEHSIL "SUN&gt;M" VB #</Process><Process ToolSource="c:\program files (x86)\arcgis\desktop10.4\ArcToolbox\Toolboxes\Data Management Tools.tbx\CalculateField" Date="20180727" Time="093612">CalculateField VILLAGE_BDRY DISTRICT "SANGR@R" VB #</Process><Process ToolSource="c:\program files (x86)\arcgis\desktop10.4\ArcToolbox\Toolboxes\Data Management Tools.tbx\CalculateField" Date="20180727" Time="093632">CalculateField VILLAGE_BDRY DISTRICT "SANGR@R" VB #</Process><Process ToolSource="c:\program files (x86)\arcgis\desktop10.4\ArcToolbox\Toolboxes\Data Management Tools.tbx\CalculateField" Date="20180727" Time="093641">CalculateField VILLAGE_BDRY TEHSIL "SUN&gt;M" VB #</Process><Process ToolSource="c:\program files (x86)\arcgis\desktop10.4\ArcToolbox\Toolboxes\Data Management Tools.tbx\CalculateField" Date="20180727" Time="093709">CalculateField VILLAGE_BDRY TEHSIL "P&gt;NTR&gt;N PATI&gt;LA" VB #</Process><Process ToolSource="c:\program files (x86)\arcgis\desktop10.4\ArcToolbox\Toolboxes\Data Management Tools.tbx\CalculateField" Date="20180727" Time="093810">CalculateField VILLAGE_BDRY TEHSIL "SUN&gt;M" VB #</Process><Process ToolSource="c:\program files (x86)\arcgis\desktop10.4\ArcToolbox\Toolboxes\Data Management Tools.tbx\CalculateField" Date="20180727" Time="093837">CalculateField VILLAGE_BDRY TEHSIL "SUN&gt;M" VB #</Process><Process ToolSource="c:\program files (x86)\arcgis\desktop10.4\ArcToolbox\Toolboxes\Data Management Tools.tbx\CalculateField" Date="20180727" Time="093907">CalculateField VILLAGE_BDRY TEHSIL "M@NAK" VB #</Process><Process ToolSource="c:\program files (x86)\arcgis\desktop10.4\ArcToolbox\Toolboxes\Data Management Tools.tbx\CalculateField" Date="20180727" Time="093921">CalculateField VILLAGE_BDRY DISTRICT "SANGR@R" VB #</Process><Process ToolSource="c:\program files (x86)\arcgis\desktop10.4\ArcToolbox\Toolboxes\Data Management Tools.tbx\CalculateField" Date="20180727" Time="093944">CalculateField VILLAGE_BDRY DISTRICT "SANGR@R" VB #</Process><Process ToolSource="c:\program files (x86)\arcgis\desktop10.4\ArcToolbox\Toolboxes\Data Management Tools.tbx\CalculateField" Date="20180727" Time="093952">CalculateField VILLAGE_BDRY TEHSIL "LEHRA" VB #</Process><Process ToolSource="c:\program files (x86)\arcgis\desktop10.4\ArcToolbox\Toolboxes\Data Management Tools.tbx\CalculateField" Date="20180727" Time="094037">CalculateField VILLAGE_BDRY DISTRICT "SANGR@R" VB #</Process><Process ToolSource="c:\program files (x86)\arcgis\desktop10.4\ArcToolbox\Toolboxes\Data Management Tools.tbx\CalculateField" Date="20180727" Time="094048">CalculateField VILLAGE_BDRY TEHSIL "SUN&gt;M" VB #</Process><Process ToolSource="c:\program files (x86)\arcgis\desktop10.4\ArcToolbox\Toolboxes\Data Management Tools.tbx\CalculateField" Date="20180727" Time="094109">CalculateField VILLAGE_BDRY TEHSIL "SANGR@R" VB #</Process><Process ToolSource="c:\program files (x86)\arcgis\desktop10.4\ArcToolbox\Toolboxes\Data Management Tools.tbx\CalculateField" Date="20180727" Time="094114">CalculateField VILLAGE_BDRY DISTRICT "SANGR@R" VB #</Process><Process ToolSource="c:\program files (x86)\arcgis\desktop10.4\ArcToolbox\Toolboxes\Data Management Tools.tbx\CalculateField" Date="20180727" Time="094643">CalculateField VILLAGE_BDRY DISTRICT "SANGR@R" VB #</Process><Process ToolSource="c:\program files (x86)\arcgis\desktop10.4\ArcToolbox\Toolboxes\Data Management Tools.tbx\CalculateField" Date="20180727" Time="094652">CalculateField VILLAGE_BDRY TEHSIL "DH@RI" VB #</Process><Process ToolSource="c:\program files (x86)\arcgis\desktop10.4\ArcToolbox\Toolboxes\Data Management Tools.tbx\CalculateField" Date="20180727" Time="094728">CalculateField VILLAGE_BDRY TEHSIL "MALER KOTLA" VB #</Process><Process ToolSource="c:\program files (x86)\arcgis\desktop10.4\ArcToolbox\Toolboxes\Data Management Tools.tbx\CalculateField" Date="20180727" Time="094743">CalculateField VILLAGE_BDRY DISTRICT "SANGR@R" VB #</Process><Process ToolSource="c:\program files (x86)\arcgis\desktop10.4\ArcToolbox\Toolboxes\Data Management Tools.tbx\CalculateField" Date="20180727" Time="094836">CalculateField VILLAGE_BDRY TEHSIL "CHAMKOR S&gt;HIB" VB #</Process><Process ToolSource="c:\program files (x86)\arcgis\desktop10.4\ArcToolbox\Toolboxes\Data Management Tools.tbx\CalculateField" Date="20180727" Time="094846">CalculateField VILLAGE_BDRY DISTRICT "RUPNAGAR" VB #</Process><Process ToolSource="c:\program files (x86)\arcgis\desktop10.4\ArcToolbox\Toolboxes\Data Management Tools.tbx\CalculateField" Date="20180727" Time="094909">CalculateField VILLAGE_BDRY TEHSIL "RUPNAGAR" VB #</Process><Process ToolSource="c:\program files (x86)\arcgis\desktop10.4\ArcToolbox\Toolboxes\Data Management Tools.tbx\CalculateField" Date="20180727" Time="094914">CalculateField VILLAGE_BDRY DISTRICT "RUPNAGAR" VB #</Process><Process ToolSource="c:\program files (x86)\arcgis\desktop10.4\ArcToolbox\Toolboxes\Data Management Tools.tbx\CalculateField" Date="20180727" Time="094931">CalculateField VILLAGE_BDRY DISTRICT "RUPNAGAR" VB #</Process><Process ToolSource="c:\program files (x86)\arcgis\desktop10.4\ArcToolbox\Toolboxes\Data Management Tools.tbx\CalculateField" Date="20180727" Time="094941">CalculateField VILLAGE_BDRY TEHSIL "ANANDPUR SAHIB" VB #</Process><Process ToolSource="c:\program files (x86)\arcgis\desktop10.4\ArcToolbox\Toolboxes\Data Management Tools.tbx\CalculateField" Date="20180727" Time="095021">CalculateField VILLAGE_BDRY TEHSIL "R&gt;JPURA" VB #</Process><Process ToolSource="c:\program files (x86)\arcgis\desktop10.4\ArcToolbox\Toolboxes\Data Management Tools.tbx\CalculateField" Date="20180727" Time="095035">CalculateField VILLAGE_BDRY DISTRICT "PATI&gt;LA" VB #</Process><Process ToolSource="c:\program files (x86)\arcgis\desktop10.4\ArcToolbox\Toolboxes\Data Management Tools.tbx\CalculateField" Date="20180727" Time="100716">CalculateField VILLAGE_BDRY TEHSIL "P&gt;NTR&gt;N" VB #</Process><Process ToolSource="c:\program files (x86)\arcgis\desktop10.4\ArcToolbox\Toolboxes\Data Management Tools.tbx\CalculateField" Date="20180727" Time="100804">CalculateField VILLAGE_BDRY TEHSIL "P&gt;NTR&gt;N" VB #</Process><Process ToolSource="c:\program files (x86)\arcgis\desktop10.4\ArcToolbox\Toolboxes\Data Management Tools.tbx\CalculateField" Date="20180727" Time="100834">CalculateField VILLAGE_BDRY DISTRICT "PATI&gt;LA" VB #</Process><Process ToolSource="c:\program files (x86)\arcgis\desktop10.4\ArcToolbox\Toolboxes\Data Management Tools.tbx\CalculateField" Date="20180727" Time="100932">CalculateField VILLAGE_BDRY TEHSIL "SAM&gt;NA" VB #</Process><Process ToolSource="c:\program files (x86)\arcgis\desktop10.4\ArcToolbox\Toolboxes\Data Management Tools.tbx\CalculateField" Date="20180727" Time="100947">CalculateField VILLAGE_BDRY DISTRICT "PATI&gt;LA" VB #</Process><Process ToolSource="c:\program files (x86)\arcgis\desktop10.4\ArcToolbox\Toolboxes\Data Management Tools.tbx\CalculateField" Date="20180727" Time="101020">CalculateField VILLAGE_BDRY DISTRICT "PATI&gt;LA" VB #</Process><Process ToolSource="c:\program files (x86)\arcgis\desktop10.4\ArcToolbox\Toolboxes\Data Management Tools.tbx\CalculateField" Date="20180727" Time="101031">CalculateField VILLAGE_BDRY TEHSIL "N&gt;BHA" VB #</Process><Process ToolSource="c:\program files (x86)\arcgis\desktop10.4\ArcToolbox\Toolboxes\Data Management Tools.tbx\CalculateField" Date="20180727" Time="101118">CalculateField VILLAGE_BDRY TEHSIL "PATI&gt;LA" VB #</Process><Process ToolSource="c:\program files (x86)\arcgis\desktop10.4\ArcToolbox\Toolboxes\Data Management Tools.tbx\CalculateField" Date="20180727" Time="101130">CalculateField VILLAGE_BDRY DISTRICT "PATI&gt;LA" VB #</Process><Process ToolSource="c:\program files (x86)\arcgis\desktop10.4\ArcToolbox\Toolboxes\Data Management Tools.tbx\CalculateField" Date="20180727" Time="101244">CalculateField VILLAGE_BDRY DISTRICT "PATH&gt;NKOT" VB #</Process><Process ToolSource="c:\program files (x86)\arcgis\desktop10.4\ArcToolbox\Toolboxes\Data Management Tools.tbx\CalculateField" Date="20180727" Time="101249">CalculateField VILLAGE_BDRY TEHSIL "PATH&gt;NKOT" VB #</Process><Process ToolSource="c:\program files (x86)\arcgis\desktop10.4\ArcToolbox\Toolboxes\Data Management Tools.tbx\CalculateField" Date="20180727" Time="101313">CalculateField VILLAGE_BDRY DISTRICT "PATH&gt;NKOT" VB #</Process><Process ToolSource="c:\program files (x86)\arcgis\desktop10.4\ArcToolbox\Toolboxes\Data Management Tools.tbx\CalculateField" Date="20180727" Time="101322">CalculateField VILLAGE_BDRY TEHSIL "DH&gt;R KAL&gt;N" VB #</Process><Process ToolSource="c:\program files (x86)\arcgis\desktop10.4\ArcToolbox\Toolboxes\Data Management Tools.tbx\CalculateField" Date="20180727" Time="101357">CalculateField VILLAGE_BDRY TEHSIL "SHRI MUKATSAR SAHIB" VB #</Process><Process ToolSource="c:\program files (x86)\arcgis\desktop10.4\ArcToolbox\Toolboxes\Data Management Tools.tbx\CalculateField" Date="20180727" Time="101416">CalculateField VILLAGE_BDRY DISTRICT " MUKATSAR" VB #</Process><Process ToolSource="c:\program files (x86)\arcgis\desktop10.4\ArcToolbox\Toolboxes\Data Management Tools.tbx\CalculateField" Date="20180727" Time="101434">CalculateField VILLAGE_BDRY DISTRICT " MUKATSAR" VB #</Process><Process ToolSource="c:\program files (x86)\arcgis\desktop10.4\ArcToolbox\Toolboxes\Data Management Tools.tbx\CalculateField" Date="20180727" Time="101448">CalculateField VILLAGE_BDRY TEHSIL " GIDDARB&gt;HA" VB #</Process><Process ToolSource="c:\program files (x86)\arcgis\desktop10.4\ArcToolbox\Toolboxes\Data Management Tools.tbx\CalculateField" Date="20180727" Time="101511">CalculateField VILLAGE_BDRY TEHSIL "MALAUT" VB #</Process><Process ToolSource="c:\program files (x86)\arcgis\desktop10.4\ArcToolbox\Toolboxes\Data Management Tools.tbx\CalculateField" Date="20180727" Time="101520">CalculateField VILLAGE_BDRY DISTRICT "MUKATSAR" VB #</Process><Process ToolSource="c:\program files (x86)\arcgis\desktop10.4\ArcToolbox\Toolboxes\Data Management Tools.tbx\CalculateField" Date="20180727" Time="101543">CalculateField VILLAGE_BDRY TEHSIL "KHARAR" VB #</Process><Process ToolSource="c:\program files (x86)\arcgis\desktop10.4\ArcToolbox\Toolboxes\Data Management Tools.tbx\CalculateField" Date="20180727" Time="101554">CalculateField VILLAGE_BDRY DISTRICT "MOHALI" VB #</Process><Process ToolSource="c:\program files (x86)\arcgis\desktop10.4\ArcToolbox\Toolboxes\Data Management Tools.tbx\CalculateField" Date="20180727" Time="101613">CalculateField VILLAGE_BDRY DISTRICT "MOHALI" VB #</Process><Process ToolSource="c:\program files (x86)\arcgis\desktop10.4\ArcToolbox\Toolboxes\Data Management Tools.tbx\CalculateField" Date="20180727" Time="101618">CalculateField VILLAGE_BDRY TEHSIL "MOHALI" VB #</Process><Process ToolSource="c:\program files (x86)\arcgis\desktop10.4\ArcToolbox\Toolboxes\Data Management Tools.tbx\CalculateField" Date="20180727" Time="101636">CalculateField VILLAGE_BDRY DISTRICT "MOHALI" VB #</Process><Process ToolSource="c:\program files (x86)\arcgis\desktop10.4\ArcToolbox\Toolboxes\Data Management Tools.tbx\CalculateField" Date="20180727" Time="101647">CalculateField VILLAGE_BDRY TEHSIL "DERABASSI" VB #</Process><Process ToolSource="c:\program files (x86)\arcgis\desktop10.4\ArcToolbox\Toolboxes\Data Management Tools.tbx\CalculateField" Date="20180727" Time="101723">CalculateField VILLAGE_BDRY TEHSIL "DHARMKOTI" VB #</Process><Process ToolSource="c:\program files (x86)\arcgis\desktop10.4\ArcToolbox\Toolboxes\Data Management Tools.tbx\CalculateField" Date="20180727" Time="101736">CalculateField VILLAGE_BDRY DISTRICT "MOGA" VB #</Process><Process ToolSource="c:\program files (x86)\arcgis\desktop10.4\ArcToolbox\Toolboxes\Data Management Tools.tbx\CalculateField" Date="20180727" Time="101752">CalculateField VILLAGE_BDRY DISTRICT "MOGA" VB #</Process><Process ToolSource="c:\program files (x86)\arcgis\desktop10.4\ArcToolbox\Toolboxes\Data Management Tools.tbx\CalculateField" Date="20180727" Time="101756">CalculateField VILLAGE_BDRY TEHSIL "MOGA" VB #</Process><Process ToolSource="c:\program files (x86)\arcgis\desktop10.4\ArcToolbox\Toolboxes\Data Management Tools.tbx\CalculateField" Date="20180727" Time="101815">CalculateField VILLAGE_BDRY DISTRICT "MOGA" VB #</Process><Process ToolSource="c:\program files (x86)\arcgis\desktop10.4\ArcToolbox\Toolboxes\Data Management Tools.tbx\CalculateField" Date="20180727" Time="101827">CalculateField VILLAGE_BDRY TEHSIL "B&gt;GHA PUR&gt;NA" VB #</Process><Process ToolSource="c:\program files (x86)\arcgis\desktop10.4\ArcToolbox\Toolboxes\Data Management Tools.tbx\CalculateField" Date="20180727" Time="101856">CalculateField VILLAGE_BDRY TEHSIL "NIH&gt;L SINGH W&gt;LA" VB #</Process><Process ToolSource="c:\program files (x86)\arcgis\desktop10.4\ArcToolbox\Toolboxes\Data Management Tools.tbx\CalculateField" Date="20180727" Time="101908">CalculateField VILLAGE_BDRY DISTRICT "MOGA" VB #</Process><Process ToolSource="c:\program files (x86)\arcgis\desktop10.4\ArcToolbox\Toolboxes\Data Management Tools.tbx\CalculateField" Date="20180727" Time="101936">CalculateField VILLAGE_BDRY DISTRICT "M&gt;NSA" VB #</Process><Process ToolSource="c:\program files (x86)\arcgis\desktop10.4\ArcToolbox\Toolboxes\Data Management Tools.tbx\CalculateField" Date="20180727" Time="101941">CalculateField VILLAGE_BDRY TEHSIL "M&gt;NSA" VB #</Process><Process ToolSource="c:\program files (x86)\arcgis\desktop10.4\ArcToolbox\Toolboxes\Data Management Tools.tbx\CalculateField" Date="20180727" Time="102005">CalculateField VILLAGE_BDRY DISTRICT "M&gt;NSA" VB #</Process><Process ToolSource="c:\program files (x86)\arcgis\desktop10.4\ArcToolbox\Toolboxes\Data Management Tools.tbx\CalculateField" Date="20180727" Time="102014">CalculateField VILLAGE_BDRY TEHSIL "BUDHL&gt;DA" VB #</Process><Process ToolSource="c:\program files (x86)\arcgis\desktop10.4\ArcToolbox\Toolboxes\Data Management Tools.tbx\CalculateField" Date="20180727" Time="102047">CalculateField VILLAGE_BDRY TEHSIL "SARD@LGARH" VB #</Process><Process ToolSource="c:\program files (x86)\arcgis\desktop10.4\ArcToolbox\Toolboxes\Data Management Tools.tbx\CalculateField" Date="20180727" Time="102102">CalculateField VILLAGE_BDRY DISTRICT "MANSA" VB #</Process><Process ToolSource="c:\program files (x86)\arcgis\desktop10.4\ArcToolbox\Toolboxes\Data Management Tools.tbx\CalculateField" Date="20180727" Time="102126">CalculateField VILLAGE_BDRY TEHSIL "JAGRAON" VB #</Process><Process ToolSource="c:\program files (x86)\arcgis\desktop10.4\ArcToolbox\Toolboxes\Data Management Tools.tbx\CalculateField" Date="20180727" Time="102143">CalculateField VILLAGE_BDRY DISTRICT "LUDHIANA" VB #</Process><Process ToolSource="c:\program files (x86)\arcgis\desktop10.4\ArcToolbox\Toolboxes\Data Management Tools.tbx\CalculateField" Date="20180727" Time="102158">CalculateField VILLAGE_BDRY DISTRICT "LUDHIANA" VB #</Process><Process ToolSource="c:\program files (x86)\arcgis\desktop10.4\ArcToolbox\Toolboxes\Data Management Tools.tbx\CalculateField" Date="20180727" Time="102207">CalculateField VILLAGE_BDRY TEHSIL "RAIKOT" VB #</Process><Process ToolSource="c:\program files (x86)\arcgis\desktop10.4\ArcToolbox\Toolboxes\Data Management Tools.tbx\CalculateField" Date="20180727" Time="102225">CalculateField VILLAGE_BDRY TEHSIL "LUDHI&gt;NA" VB #</Process><Process ToolSource="c:\program files (x86)\arcgis\desktop10.4\ArcToolbox\Toolboxes\Data Management Tools.tbx\CalculateField" Date="20180727" Time="102229">CalculateField VILLAGE_BDRY DISTRICT "LUDHI&gt;NA" VB #</Process><Process ToolSource="c:\program files (x86)\arcgis\desktop10.4\ArcToolbox\Toolboxes\Data Management Tools.tbx\CalculateField" Date="20180727" Time="102244">CalculateField VILLAGE_BDRY DISTRICT "LUDHI&gt;NA" VB #</Process><Process ToolSource="c:\program files (x86)\arcgis\desktop10.4\ArcToolbox\Toolboxes\Data Management Tools.tbx\CalculateField" Date="20180727" Time="102252">CalculateField VILLAGE_BDRY TEHSIL "SAMR&gt;LA" VB #</Process><Process ToolSource="c:\program files (x86)\arcgis\desktop10.4\ArcToolbox\Toolboxes\Data Management Tools.tbx\CalculateField" Date="20180727" Time="102322">CalculateField VILLAGE_BDRY TEHSIL "P&gt;IL" VB #</Process><Process ToolSource="c:\program files (x86)\arcgis\desktop10.4\ArcToolbox\Toolboxes\Data Management Tools.tbx\CalculateField" Date="20180727" Time="102332">CalculateField VILLAGE_BDRY DISTRICT "LUDHIANA" VB #</Process><Process ToolSource="c:\program files (x86)\arcgis\desktop10.4\ArcToolbox\Toolboxes\Data Management Tools.tbx\CalculateField" Date="20180727" Time="102403">CalculateField VILLAGE_BDRY DISTRICT "LUDHIANA" VB #</Process><Process ToolSource="c:\program files (x86)\arcgis\desktop10.4\ArcToolbox\Toolboxes\Data Management Tools.tbx\CalculateField" Date="20180727" Time="102417">CalculateField VILLAGE_BDRY TEHSIL "KHANNA" VB #</Process><Process ToolSource="c:\program files (x86)\arcgis\desktop10.4\ArcToolbox\Toolboxes\Data Management Tools.tbx\CalculateField" Date="20180727" Time="102516">CalculateField VILLAGE_BDRY TEHSIL "BHOLATH" VB #</Process><Process ToolSource="c:\program files (x86)\arcgis\desktop10.4\ArcToolbox\Toolboxes\Data Management Tools.tbx\CalculateField" Date="20180727" Time="102529">CalculateField VILLAGE_BDRY DISTRICT "KAPURTHALA" VB #</Process><Process ToolSource="c:\program files (x86)\arcgis\desktop10.4\ArcToolbox\Toolboxes\Data Management Tools.tbx\CalculateField" Date="20180727" Time="102544">CalculateField VILLAGE_BDRY TEHSIL "KAPURTHALA" VB #</Process><Process ToolSource="c:\program files (x86)\arcgis\desktop10.4\ArcToolbox\Toolboxes\Data Management Tools.tbx\CalculateField" Date="20180727" Time="102548">CalculateField VILLAGE_BDRY DISTRICT "KAPURTHALA" VB #</Process><Process ToolSource="c:\program files (x86)\arcgis\desktop10.4\ArcToolbox\Toolboxes\Data Management Tools.tbx\CalculateField" Date="20180727" Time="102604">CalculateField VILLAGE_BDRY DISTRICT "KAPURTHALA" VB #</Process><Process ToolSource="c:\program files (x86)\arcgis\desktop10.4\ArcToolbox\Toolboxes\Data Management Tools.tbx\CalculateField" Date="20180727" Time="102611">CalculateField VILLAGE_BDRY TEHSIL "SULT&gt;NPUR LODHI" VB #</Process><Process ToolSource="c:\program files (x86)\arcgis\desktop10.4\ArcToolbox\Toolboxes\Data Management Tools.tbx\CalculateField" Date="20180727" Time="102647">CalculateField VILLAGE_BDRY DISTRICT "KAPURTHALA" VB #</Process><Process ToolSource="c:\program files (x86)\arcgis\desktop10.4\ArcToolbox\Toolboxes\Data Management Tools.tbx\CalculateField" Date="20180727" Time="102658">CalculateField VILLAGE_BDRY TEHSIL "PHAGW&gt;RA" VB #</Process><Process ToolSource="c:\program files (x86)\arcgis\desktop10.4\ArcToolbox\Toolboxes\Data Management Tools.tbx\CalculateField" Date="20180727" Time="102833">CalculateField VILLAGE_BDRY TEHSIL "PHILLAUR" VB #</Process><Process ToolSource="c:\program files (x86)\arcgis\desktop10.4\ArcToolbox\Toolboxes\Data Management Tools.tbx\CalculateField" Date="20180727" Time="102847">CalculateField VILLAGE_BDRY DISTRICT "JALANDHAR" VB #</Process><Process ToolSource="c:\program files (x86)\arcgis\desktop10.4\ArcToolbox\Toolboxes\Data Management Tools.tbx\CalculateField" Date="20180727" Time="102905">CalculateField VILLAGE_BDRY DISTRICT "JALANDHAR" VB #</Process><Process ToolSource="c:\program files (x86)\arcgis\desktop10.4\ArcToolbox\Toolboxes\Data Management Tools.tbx\CalculateField" Date="20180727" Time="102914">CalculateField VILLAGE_BDRY TEHSIL "SH&gt;HKOT" VB #</Process><Process ToolSource="c:\program files (x86)\arcgis\desktop10.4\ArcToolbox\Toolboxes\Data Management Tools.tbx\CalculateField" Date="20180727" Time="103001">CalculateField VILLAGE_BDRY DISTRICT "JALANDHAR" VB #</Process><Process ToolSource="c:\program files (x86)\arcgis\desktop10.4\ArcToolbox\Toolboxes\Data Management Tools.tbx\CalculateField" Date="20180727" Time="103008">CalculateField VILLAGE_BDRY TEHSIL "JALANDHAR-1" VB #</Process><Process ToolSource="c:\program files (x86)\arcgis\desktop10.4\ArcToolbox\Toolboxes\Data Management Tools.tbx\CalculateField" Date="20180727" Time="103034">CalculateField VILLAGE_BDRY DISTRICT "JALANDHAR" VB #</Process><Process ToolSource="c:\program files (x86)\arcgis\desktop10.4\ArcToolbox\Toolboxes\Data Management Tools.tbx\CalculateField" Date="20180727" Time="103042">CalculateField VILLAGE_BDRY TEHSIL "JALANDHAR_2" VB #</Process><Process ToolSource="c:\program files (x86)\arcgis\desktop10.4\ArcToolbox\Toolboxes\Data Management Tools.tbx\CalculateField" Date="20180727" Time="103115">CalculateField VILLAGE_BDRY DISTRICT "JALANDHAR" VB #</Process><Process ToolSource="c:\program files (x86)\arcgis\desktop10.4\ArcToolbox\Toolboxes\Data Management Tools.tbx\CalculateField" Date="20180727" Time="103123">CalculateField VILLAGE_BDRY TEHSIL "NAKODAR" VB #</Process><Process ToolSource="c:\program files (x86)\arcgis\desktop10.4\ArcToolbox\Toolboxes\Data Management Tools.tbx\CalculateField" Date="20180727" Time="103148">CalculateField VILLAGE_BDRY TEHSIL "JALANDHAR-2" VB #</Process><Process ToolSource="c:\program files (x86)\arcgis\desktop10.4\ArcToolbox\Toolboxes\Data Management Tools.tbx\CalculateField" Date="20180727" Time="103213">CalculateField VILLAGE_BDRY TEHSIL "MUKERI&gt;N" VB #</Process><Process ToolSource="c:\program files (x86)\arcgis\desktop10.4\ArcToolbox\Toolboxes\Data Management Tools.tbx\CalculateField" Date="20180727" Time="103228">CalculateField VILLAGE_BDRY DISTRICT "HOSHIARPUR" VB #</Process><Process ToolSource="c:\program files (x86)\arcgis\desktop10.4\ArcToolbox\Toolboxes\Data Management Tools.tbx\CalculateField" Date="20180727" Time="103245">CalculateField VILLAGE_BDRY DISTRICT "HOSHIARPUR" VB #</Process><Process ToolSource="c:\program files (x86)\arcgis\desktop10.4\ArcToolbox\Toolboxes\Data Management Tools.tbx\CalculateField" Date="20180727" Time="103259">CalculateField VILLAGE_BDRY TEHSIL "DASUYA" VB #</Process><Process ToolSource="c:\program files (x86)\arcgis\desktop10.4\ArcToolbox\Toolboxes\Data Management Tools.tbx\CalculateField" Date="20180727" Time="103321">CalculateField VILLAGE_BDRY TEHSIL "HOSHI&gt;RPUR" VB #</Process><Process ToolSource="c:\program files (x86)\arcgis\desktop10.4\ArcToolbox\Toolboxes\Data Management Tools.tbx\CalculateField" Date="20180727" Time="103325">CalculateField VILLAGE_BDRY DISTRICT "HOSHI&gt;RPUR" VB #</Process><Process ToolSource="c:\program files (x86)\arcgis\desktop10.4\ArcToolbox\Toolboxes\Data Management Tools.tbx\CalculateField" Date="20180727" Time="103339">CalculateField VILLAGE_BDRY DISTRICT "HOSHI&gt;RPUR" VB #</Process><Process ToolSource="c:\program files (x86)\arcgis\desktop10.4\ArcToolbox\Toolboxes\Data Management Tools.tbx\CalculateField" Date="20180727" Time="103400">CalculateField VILLAGE_BDRY TEHSIL "GARHSHANKAR" VB #</Process><Process ToolSource="c:\program files (x86)\arcgis\desktop10.4\ArcToolbox\Toolboxes\Data Management Tools.tbx\CalculateField" Date="20180727" Time="103716">CalculateField VILLAGE_BDRY TEHSIL "GURD&gt;SPUR" VB #</Process><Process ToolSource="c:\program files (x86)\arcgis\desktop10.4\ArcToolbox\Toolboxes\Data Management Tools.tbx\CalculateField" Date="20180727" Time="103725">CalculateField VILLAGE_BDRY DISTRICT "GURD&gt;SPUR" VB #</Process><Process ToolSource="c:\program files (x86)\arcgis\desktop10.4\ArcToolbox\Toolboxes\Data Management Tools.tbx\CalculateField" Date="20180727" Time="103740">CalculateField VILLAGE_BDRY DISTRICT "GURD&gt;SPUR" VB #</Process><Process ToolSource="c:\program files (x86)\arcgis\desktop10.4\ArcToolbox\Toolboxes\Data Management Tools.tbx\CalculateField" Date="20180727" Time="103750">CalculateField VILLAGE_BDRY TEHSIL "GURD&gt;SPUR" VB #</Process><Process ToolSource="c:\program files (x86)\arcgis\desktop10.4\ArcToolbox\Toolboxes\Data Management Tools.tbx\CalculateField" Date="20180727" Time="103806">CalculateField VILLAGE_BDRY TEHSIL "DERA B&gt;BA N&gt;NAK" VB #</Process><Process ToolSource="c:\program files (x86)\arcgis\desktop10.4\ArcToolbox\Toolboxes\Data Management Tools.tbx\CalculateField" Date="20180727" Time="103851">CalculateField VILLAGE_BDRY TEHSIL "BAT&gt;LA" VB #</Process><Process ToolSource="c:\program files (x86)\arcgis\desktop10.4\ArcToolbox\Toolboxes\Data Management Tools.tbx\CalculateField" Date="20180727" Time="103904">CalculateField VILLAGE_BDRY DISTRICT "GURDASPUR" VB #</Process><Process ToolSource="c:\program files (x86)\arcgis\desktop10.4\ArcToolbox\Toolboxes\Data Management Tools.tbx\CalculateField" Date="20180727" Time="103927">CalculateField VILLAGE_BDRY TEHSIL "Z|RA" VB #</Process><Process ToolSource="c:\program files (x86)\arcgis\desktop10.4\ArcToolbox\Toolboxes\Data Management Tools.tbx\CalculateField" Date="20180727" Time="103943">CalculateField VILLAGE_BDRY DISTRICT "FIROZPUR" VB #</Process><Process ToolSource="c:\program files (x86)\arcgis\desktop10.4\ArcToolbox\Toolboxes\Data Management Tools.tbx\CalculateField" Date="20180727" Time="103957">CalculateField VILLAGE_BDRY DISTRICT "FIROZPUR" VB #</Process><Process ToolSource="c:\program files (x86)\arcgis\desktop10.4\ArcToolbox\Toolboxes\Data Management Tools.tbx\CalculateField" Date="20180727" Time="104005">CalculateField VILLAGE_BDRY TEHSIL "FIROZPUR" VB #</Process><Process ToolSource="c:\program files (x86)\arcgis\desktop10.4\ArcToolbox\Toolboxes\Data Management Tools.tbx\CalculateField" Date="20180727" Time="104109">CalculateField VILLAGE_BDRY DISTRICT "FIROZPUR" VB #</Process><Process ToolSource="c:\program files (x86)\arcgis\desktop10.4\ArcToolbox\Toolboxes\Data Management Tools.tbx\CalculateField" Date="20180727" Time="104117">CalculateField VILLAGE_BDRY TEHSIL "GURU HAR SAH&gt;I" VB #</Process><Process ToolSource="c:\program files (x86)\arcgis\desktop10.4\ArcToolbox\Toolboxes\Data Management Tools.tbx\CalculateField" Date="20180727" Time="104136">CalculateField VILLAGE_BDRY TEHSIL "JAL&gt;L&gt;B&gt;D" VB #</Process><Process ToolSource="c:\program files (x86)\arcgis\desktop10.4\ArcToolbox\Toolboxes\Data Management Tools.tbx\CalculateField" Date="20180727" Time="104148">CalculateField VILLAGE_BDRY DISTRICT "FAZILKA" VB #</Process><Process ToolSource="c:\program files (x86)\arcgis\desktop10.4\ArcToolbox\Toolboxes\Data Management Tools.tbx\CalculateField" Date="20180727" Time="104202">CalculateField VILLAGE_BDRY DISTRICT "FAZILKA" VB #</Process><Process ToolSource="c:\program files (x86)\arcgis\desktop10.4\ArcToolbox\Toolboxes\Data Management Tools.tbx\CalculateField" Date="20180727" Time="104205">CalculateField VILLAGE_BDRY TEHSIL "FAZILKA" VB #</Process><Process ToolSource="c:\program files (x86)\arcgis\desktop10.4\ArcToolbox\Toolboxes\Data Management Tools.tbx\CalculateField" Date="20180727" Time="104220">CalculateField VILLAGE_BDRY DISTRICT "FAZILKA" VB #</Process><Process ToolSource="c:\program files (x86)\arcgis\desktop10.4\ArcToolbox\Toolboxes\Data Management Tools.tbx\CalculateField" Date="20180727" Time="104231">CalculateField VILLAGE_BDRY TEHSIL "ABOHAR" VB #</Process><Process ToolSource="c:\program files (x86)\arcgis\desktop10.4\ArcToolbox\Toolboxes\Data Management Tools.tbx\CalculateField" Date="20180727" Time="104256">CalculateField VILLAGE_BDRY TEHSIL "KH&gt;M&gt;NON" VB #</Process><Process ToolSource="c:\program files (x86)\arcgis\desktop10.4\ArcToolbox\Toolboxes\Data Management Tools.tbx\CalculateField" Date="20180727" Time="104309">CalculateField VILLAGE_BDRY DISTRICT "FATEHGARH S&gt;HIB" VB #</Process><Process ToolSource="c:\program files (x86)\arcgis\desktop10.4\ArcToolbox\Toolboxes\Data Management Tools.tbx\CalculateField" Date="20180727" Time="104321">CalculateField VILLAGE_BDRY DISTRICT "FATEHGARH S&gt;HIB" VB #</Process><Process ToolSource="c:\program files (x86)\arcgis\desktop10.4\ArcToolbox\Toolboxes\Data Management Tools.tbx\CalculateField" Date="20180727" Time="104325">CalculateField VILLAGE_BDRY TEHSIL "FATEHGARH S&gt;HIB" VB #</Process><Process ToolSource="c:\program files (x86)\arcgis\desktop10.4\ArcToolbox\Toolboxes\Data Management Tools.tbx\CalculateField" Date="20180727" Time="104341">CalculateField VILLAGE_BDRY DISTRICT "FATEHGARH S&gt;HIB" VB #</Process><Process ToolSource="c:\program files (x86)\arcgis\desktop10.4\ArcToolbox\Toolboxes\Data Management Tools.tbx\CalculateField" Date="20180727" Time="104352">CalculateField VILLAGE_BDRY TEHSIL "BASIBPATH&gt;NA" VB #</Process><Process ToolSource="c:\program files (x86)\arcgis\desktop10.4\ArcToolbox\Toolboxes\Data Management Tools.tbx\CalculateField" Date="20180727" Time="104412">CalculateField VILLAGE_BDRY DISTRICT "FATEHGARH S&gt;HIB" VB #</Process><Process ToolSource="c:\program files (x86)\arcgis\desktop10.4\ArcToolbox\Toolboxes\Data Management Tools.tbx\CalculateField" Date="20180727" Time="104423">CalculateField VILLAGE_BDRY TEHSIL "AMLOH" VB #</Process><Process ToolSource="c:\program files (x86)\arcgis\desktop10.4\ArcToolbox\Toolboxes\Data Management Tools.tbx\CalculateField" Date="20180727" Time="104440">CalculateField VILLAGE_BDRY TEHSIL "AMLOH" VB #</Process><Process ToolSource="c:\program files (x86)\arcgis\desktop10.4\ArcToolbox\Toolboxes\Data Management Tools.tbx\CalculateField" Date="20180727" Time="104502">CalculateField VILLAGE_BDRY DISTRICT "FATEHGARH S&gt;HIB" VB #</Process><Process ToolSource="c:\program files (x86)\arcgis\desktop10.4\ArcToolbox\Toolboxes\Data Management Tools.tbx\CalculateField" Date="20180727" Time="104529">CalculateField VILLAGE_BDRY TEHSIL "FAR|DKOT" VB #</Process><Process ToolSource="c:\program files (x86)\arcgis\desktop10.4\ArcToolbox\Toolboxes\Data Management Tools.tbx\CalculateField" Date="20180727" Time="104533">CalculateField VILLAGE_BDRY DISTRICT "FAR|DKOT" VB #</Process><Process ToolSource="c:\program files (x86)\arcgis\desktop10.4\ArcToolbox\Toolboxes\Data Management Tools.tbx\CalculateField" Date="20180727" Time="104544">CalculateField VILLAGE_BDRY DISTRICT "FAR|DKOT" VB #</Process><Process ToolSource="c:\program files (x86)\arcgis\desktop10.4\ArcToolbox\Toolboxes\Data Management Tools.tbx\CalculateField" Date="20180727" Time="104559">CalculateField VILLAGE_BDRY TEHSIL "JAITO" VB #</Process><Process ToolSource="c:\program files (x86)\arcgis\desktop10.4\ArcToolbox\Toolboxes\Data Management Tools.tbx\CalculateField" Date="20180727" Time="104618">CalculateField VILLAGE_BDRY TEHSIL "BATHINDA" VB #</Process><Process ToolSource="c:\program files (x86)\arcgis\desktop10.4\ArcToolbox\Toolboxes\Data Management Tools.tbx\CalculateField" Date="20180727" Time="104622">CalculateField VILLAGE_BDRY DISTRICT "BATHINDA" VB #</Process><Process ToolSource="c:\program files (x86)\arcgis\desktop10.4\ArcToolbox\Toolboxes\Data Management Tools.tbx\CalculateField" Date="20180727" Time="104651">CalculateField VILLAGE_BDRY DISTRICT "BATHINDA" VB #</Process><Process ToolSource="c:\program files (x86)\arcgis\desktop10.4\ArcToolbox\Toolboxes\Data Management Tools.tbx\CalculateField" Date="20180727" Time="104706">CalculateField VILLAGE_BDRY TEHSIL "R&gt;MPURA PH@L" VB #</Process><Process ToolSource="c:\program files (x86)\arcgis\desktop10.4\ArcToolbox\Toolboxes\Data Management Tools.tbx\CalculateField" Date="20180727" Time="104728">CalculateField VILLAGE_BDRY TEHSIL "TALWANDI S&gt;BO" VB #</Process><Process ToolSource="c:\program files (x86)\arcgis\desktop10.4\ArcToolbox\Toolboxes\Data Management Tools.tbx\CalculateField" Date="20180727" Time="104745">CalculateField VILLAGE_BDRY DISTRICT "BATHINDA" VB #</Process><Process ToolSource="c:\program files (x86)\arcgis\desktop10.4\ArcToolbox\Toolboxes\Data Management Tools.tbx\CalculateField" Date="20180727" Time="115747">CalculateField VILLAGE_BDRY TEHSIL "T&gt;PPA" VB #</Process><Process ToolSource="c:\program files (x86)\arcgis\desktop10.4\ArcToolbox\Toolboxes\Data Management Tools.tbx\CalculateField" Date="20180727" Time="115815">CalculateField VILLAGE_BDRY DISTRICT "BARN&gt;LA" VB #</Process><Process ToolSource="c:\program files (x86)\arcgis\desktop10.4\ArcToolbox\Toolboxes\Data Management Tools.tbx\CalculateField" Date="20180727" Time="165240">CalculateField VILLAGE_BDRY TEHSIL "BARN&gt;LA" VB #</Process><Process ToolSource="c:\program files (x86)\arcgis\desktop10.4\ArcToolbox\Toolboxes\Data Management Tools.tbx\CalculateField" Date="20180727" Time="165245">CalculateField VILLAGE_BDRY DISTRICT "BARN&gt;LA" VB #</Process><Process ToolSource="c:\program files (x86)\arcgis\desktop10.4\ArcToolbox\Toolboxes\Data Management Tools.tbx\CalculateField" Date="20180727" Time="165701">CalculateField VILLAGE_BDRY TEHSIL "PATH&gt;NKOT" VB #</Process><Process ToolSource="c:\program files (x86)\arcgis\desktop10.4\ArcToolbox\Toolboxes\Data Management Tools.tbx\CalculateField" Date="20180727" Time="165706">CalculateField VILLAGE_BDRY DISTRICT "PATH&gt;NKOT" VB #</Process><Process ToolSource="c:\program files (x86)\arcgis\desktop10.4\ArcToolbox\Toolboxes\Data Management Tools.tbx\CalculateField" Date="20180727" Time="165720">CalculateField VILLAGE_BDRY STATE "PUNJAB" VB #</Process><Process ToolSource="c:\program files (x86)\arcgis\desktop10.4\ArcToolbox\Toolboxes\Data Management Tools.tbx\CalculateField" Date="20180727" Time="165800">CalculateField VILLAGE_BDRY TEHSIL "DH&gt;R KAL&gt;N" VB #</Process><Process ToolSource="c:\program files (x86)\arcgis\desktop10.4\ArcToolbox\Toolboxes\Data Management Tools.tbx\CalculateField" Date="20180727" Time="165821">CalculateField VILLAGE_BDRY DISTRICT "PATH&gt;NKOT" VB #</Process><Process ToolSource="c:\program files (x86)\arcgis\desktop10.4\ArcToolbox\Toolboxes\Data Management Tools.tbx\CalculateField" Date="20180727" Time="165837">CalculateField VILLAGE_BDRY STATE "PUNJAB" VB #</Process><Process ToolSource="c:\program files (x86)\arcgis\desktop10.4\ArcToolbox\Toolboxes\Data Management Tools.tbx\CalculateField" Date="20180727" Time="170037">CalculateField VILLAGE_BDRY TEHSIL "CHAMKOR S&gt;HIB" VB #</Process><Process ToolSource="c:\program files (x86)\arcgis\desktop10.4\ArcToolbox\Toolboxes\Data Management Tools.tbx\CalculateField" Date="20180727" Time="170102">CalculateField VILLAGE_BDRY DISTRICT "RUPNAGAR" VB #</Process><Process ToolSource="c:\program files (x86)\arcgis\desktop10.4\ArcToolbox\Toolboxes\Data Management Tools.tbx\CalculateField" Date="20180727" Time="170138">CalculateField VILLAGE_BDRY DISTRICT "RUPNAGAR" VB #</Process><Process ToolSource="c:\program files (x86)\arcgis\desktop10.4\ArcToolbox\Toolboxes\Data Management Tools.tbx\CalculateField" Date="20180727" Time="170142">CalculateField VILLAGE_BDRY TEHSIL "RUPNAGAR" VB #</Process><Process ToolSource="c:\program files (x86)\arcgis\desktop10.4\ArcToolbox\Toolboxes\Data Management Tools.tbx\CalculateField" Date="20180727" Time="170209">CalculateField VILLAGE_BDRY TEHSIL "ANANDPUR SAHIB" VB #</Process><Process ToolSource="c:\program files (x86)\arcgis\desktop10.4\ArcToolbox\Toolboxes\Data Management Tools.tbx\CalculateField" Date="20180727" Time="170227">CalculateField VILLAGE_BDRY DISTRICT "RUPNAGAR" VB #</Process><Process ToolSource="c:\program files (x86)\arcgis\desktop10.4\ArcToolbox\Toolboxes\Data Management Tools.tbx\CalculateField" Date="20180727" Time="170709">CalculateField VILLAGE_BDRY TEHSIL "R&gt;JPURA" VB #</Process><Process ToolSource="c:\program files (x86)\arcgis\desktop10.4\ArcToolbox\Toolboxes\Data Management Tools.tbx\CalculateField" Date="20180727" Time="170722">CalculateField VILLAGE_BDRY DISTRICT "PATI&gt;LA" VB #</Process><Process ToolSource="c:\program files (x86)\arcgis\desktop10.4\ArcToolbox\Toolboxes\Data Management Tools.tbx\CalculateField" Date="20180727" Time="171154">CalculateField VILLAGE_BDRY TEHSIL "GIDDARB&gt;HA" VB #</Process><Process ToolSource="c:\program files (x86)\arcgis\desktop10.4\ArcToolbox\Toolboxes\Data Management Tools.tbx\CalculateField" Date="20180730" Time="090742">CalculateField VILLAGE_BDRY DISTRICT "SANGR@R" VB #</Process><Process ToolSource="c:\program files (x86)\arcgis\desktop10.5\ArcToolbox\Toolboxes\Conversion Tools.tbx\FeatureClassToFeatureClass" Date="20180821" Time="093917">FeatureClassToFeatureClass F:\VILLAGE_BVOUNDARY\PUNJAB_FINAL\VILLAGE_BDRY.shp F:\VILLAGE_BVOUNDARY\VILLAGE.mdb\VILLAGE_BDY PUNJAB # "Entity "Entity" true true false 16 Text 0 0 ,First,#,F:\VILLAGE_BVOUNDARY\PUNJAB_FINAL\VILLAGE_BDRY.shp,Entity,-1,-1;RefName "RefName" true true false 254 Text 0 0 ,First,#,F:\VILLAGE_BVOUNDARY\PUNJAB_FINAL\VILLAGE_BDRY.shp,RefName,-1,-1;Text_ "Text_" true true false 254 Text 0 0 ,First,#,F:\VILLAGE_BVOUNDARY\PUNJAB_FINAL\VILLAGE_BDRY.shp,Text,-1,-1;TxtMemo "TxtMemo" true true false 254 Text 0 0 ,First,#,F:\VILLAGE_BVOUNDARY\PUNJAB_FINAL\VILLAGE_BDRY.shp,TxtMemo,-1,-1;TEHSIL "TEHSIL" true true false 30 Text 0 0 ,First,#,F:\VILLAGE_BVOUNDARY\PUNJAB_FINAL\VILLAGE_BDRY.shp,TEHSIL,-1,-1;DISTRICT "DISTRICT" true true false 30 Text 0 0 ,First,#,F:\VILLAGE_BVOUNDARY\PUNJAB_FINAL\VILLAGE_BDRY.shp,DISTRICT,-1,-1;STATE "STATE" true true false 30 Text 0 0 ,First,#,F:\VILLAGE_BVOUNDARY\PUNJAB_FINAL\VILLAGE_BDRY.shp,STATE,-1,-1" #</Process><Process ToolSource="c:\program files (x86)\arcgis\desktop10.5\ArcToolbox\Toolboxes\Data Management Tools.tbx\CalculateField" Date="20180821" Time="094726">CalculateField PUNJAB STATE "PUNJAB" VB #</Process><Process ToolSource="c:\program files (x86)\arcgis\desktop10.3\ArcToolbox\Toolboxes\Data Management Tools.tbx\CalculateField" Date="20180821" Time="101212">CalculateField PUNJAB STATE "HARYANA" VB #</Process><Process ToolSource="c:\program files (x86)\arcgis\desktop10.3\ArcToolbox\Toolboxes\Conversion Tools.tbx\FeatureClassToFeatureClass" Date="20180913" Time="140943">FeatureClassToFeatureClass d:\updation_village_2018\VILLAGE.mdb\VILLAGE_BDY\HARYANA "d:\updation_village_2018\New_ UP_HARYANA.mdb\FINAL_HARYANA_UP" VILLAGE # "Entity "Entity" true true false 16 Text 0 0 ,First,#,d:\updation_village_2018\VILLAGE.mdb\VILLAGE_BDY\HARYANA,Entity,-1,-1;RefName "RefName" true true false 254 Text 0 0 ,First,#,d:\updation_village_2018\VILLAGE.mdb\VILLAGE_BDY\HARYANA,RefName,-1,-1;Text_ "Text_" true true false 254 Text 0 0 ,First,#,d:\updation_village_2018\VILLAGE.mdb\VILLAGE_BDY\HARYANA,Text_,-1,-1;TxtMemo "TxtMemo" true true false 254 Text 0 0 ,First,#,d:\updation_village_2018\VILLAGE.mdb\VILLAGE_BDY\HARYANA,TxtMemo,-1,-1;TEHSIL "TEHSIL" true true false 30 Text 0 0 ,First,#,d:\updation_village_2018\VILLAGE.mdb\VILLAGE_BDY\HARYANA,TEHSIL,-1,-1;DISTRICT "DISTRICT" true true false 30 Text 0 0 ,First,#,d:\updation_village_2018\VILLAGE.mdb\VILLAGE_BDY\HARYANA,DISTRICT,-1,-1;STATE "STATE" true true false 30 Text 0 0 ,First,#,d:\updation_village_2018\VILLAGE.mdb\VILLAGE_BDY\HARYANA,STATE,-1,-1;Shape_Length "Shape_Length" false true true 8 Double 0 0 ,First,#,d:\updation_village_2018\VILLAGE.mdb\VILLAGE_BDY\HARYANA,Shape_Length,-1,-1;Shape_Area "Shape_Area" false true true 8 Double 0 0 ,First,#,d:\updation_village_2018\VILLAGE.mdb\VILLAGE_BDY\HARYANA,Shape_Area,-1,-1" #</Process><Process ToolSource="c:\program files (x86)\arcgis\desktop10.3\ArcToolbox\Toolboxes\Data Management Tools.tbx\CalculateField" Date="20180913" Time="141502">CalculateField VILLAGE VILLAGE [TxtMemo] VB #</Process><Process ToolSource="c:\program files (x86)\arcgis\desktop10.5\ArcToolbox\Toolboxes\Conversion Tools.tbx\FeatureClassToFeatureClass" Date="20181120" Time="090906">FeatureClassToFeatureClass D:\UPDATION_ADM_BDY_2018\1_VILLAGE_BDY_LCCWGS84_2018\DELHI\VILLAGE_DELHI.shp D:\UPDATION_ADM_BDY_2018\1_VILLAGE_BDY_LCCWGS84_2018\DELHI\DELHI.gdb VILLAGE_DELHI # "OBJECTID "OBJECTID" true true false 10 Long 0 10 ,First,#,D:\UPDATION_ADM_BDY_2018\1_VILLAGE_BDY_LCCWGS84_2018\DELHI\VILLAGE_DELHI.shp,OBJECTID,-1,-1;TEHSIL "TEHSIL" true true false 30 Text 0 0 ,First,#,D:\UPDATION_ADM_BDY_2018\1_VILLAGE_BDY_LCCWGS84_2018\DELHI\VILLAGE_DELHI.shp,TEHSIL,-1,-1;DISTRICT "DISTRICT" true true false 30 Text 0 0 ,First,#,D:\UPDATION_ADM_BDY_2018\1_VILLAGE_BDY_LCCWGS84_2018\DELHI\VILLAGE_DELHI.shp,DISTRICT,-1,-1;STATE "STATE" true true false 30 Text 0 0 ,First,#,D:\UPDATION_ADM_BDY_2018\1_VILLAGE_BDY_LCCWGS84_2018\DELHI\VILLAGE_DELHI.shp,STATE,-1,-1;Shape_Leng "Shape_Leng" true true false 19 Double 0 0 ,First,#,D:\UPDATION_ADM_BDY_2018\1_VILLAGE_BDY_LCCWGS84_2018\DELHI\VILLAGE_DELHI.shp,Shape_Leng,-1,-1;Shape_Area "Shape_Area" true true false 19 Double 0 0 ,First,#,D:\UPDATION_ADM_BDY_2018\1_VILLAGE_BDY_LCCWGS84_2018\DELHI\VILLAGE_DELHI.shp,Shape_Area,-1,-1;VILLAGE "VILLAGE" true true false 50 Text 0 0 ,First,#,D:\UPDATION_ADM_BDY_2018\1_VILLAGE_BDY_LCCWGS84_2018\DELHI\VILLAGE_DELHI.shp,VILLAGE,-1,-1" #</Process></lineage></DataProperties><SyncDate>20181120</SyncDate><SyncTime>09090500</SyncTime><ModDate>20181120</ModDate><ModTime>09090500</ModTime></Esri><dataIdInfo><envirDesc Sync="TRUE">Microsoft Windows 7 Version 6.1 (Build 7601) Service Pack 1; Esri ArcGIS 10.5.1.7333</envirDesc><dataLang><languageCode value="eng" Sync="TRUE"></languageCode><countryCode value="IND" Sync="TRUE"></countryCode></dataLang><idCitation><resTitle Sync="TRUE">VILLAGE_DELHI</resTitle><presForm><PresFormCd value="005" Sync="TRUE"></PresFormCd></presForm></idCitation><spatRpType><SpatRepTypCd value="001" Sync="TRUE"></SpatRepTypCd></spatRpType></dataIdInfo><mdLang><languageCode value="eng" Sync="TRUE"></languageCode><countryCode value="IND" Sync="TRUE"></countryCode></mdLang><mdChar><CharSetCd value="004" Sync="TRUE"></CharSetCd></mdChar><distInfo><distFormat><formatName Sync="TRUE">File Geodatabase Feature Class</formatName></distFormat><distTranOps><transSize Sync="TRUE">0.000</transSize></distTranOps></distInfo><mdHrLv><ScopeCd value="005" Sync="TRUE"></ScopeCd></mdHrLv><mdHrLvName Sync="TRUE">dataset</mdHrLvName><refSysInfo><RefSystem><refSysID><identCode code="0" Sync="TRUE"></identCode><idCodeSpace Sync="TRUE">EPSG</idCodeSpace><idVersion Sync="TRUE">2.1(3.0.1)</idVersion></refSysID></RefSystem></refSysInfo><spatRepInfo><VectSpatRep><geometObjs Name="VILLAGE_DELHI"><geoObjTyp><GeoObjTypCd value="002" Sync="TRUE"></GeoObjTypCd></geoObjTyp><geoObjCnt Sync="TRUE">0</geoObjCnt></geometObjs><topLvl><TopoLevCd value="001" Sync="TRUE"></TopoLevCd></topLvl></VectSpatRep></spatRepInfo><spdoinfo><ptvctinf><esriterm Name="VILLAGE_DELHI"><efeatyp Sync="TRUE">Simple</efeatyp><efeageom code="4" Sync="TRUE"></efeageom><esritopo Sync="TRUE">FALSE</esritopo><efeacnt Sync="TRUE">0</efeacnt><spindex Sync="TRUE">TRUE</spindex><linrefer Sync="TRUE">FALSE</linrefer></esriterm></ptvctinf></spdoinfo><eainfo><detailed Name="VILLAGE_DELHI"><enttyp><enttypl Sync="TRUE">VILLAGE_DELHI</enttypl><enttypt Sync="TRUE">Feature Class</enttypt><enttypc Sync="TRUE">0</enttypc></enttyp><attr><attrlabl Sync="TRUE">OBJECTID_1</attrlabl><attalias Sync="TRUE">OBJECTID_1</attalias><attrtype Sync="TRUE">OID</attrtype><attwidth Sync="TRUE">4</attwidth><atprecis Sync="TRUE">0</atprecis><attscale Sync="TRUE">0</attscale><attrdef Sync="TRUE">Internal feature number.</attrdef><attrdefs Sync="TRUE">Esri</attrdefs><attrdomv><udom Sync="TRUE">Sequential unique whole numbers that are automatically generated.</udom></attrdomv></attr><attr><attrlabl Sync="TRUE">OBJECTID</attrlabl><attalias Sync="TRUE">OBJECTID</attalias><attrtype Sync="TRUE">Integer</attrtype><attwidth Sync="TRUE">4</attwidth><atprecis Sync="TRUE">0</atprecis><attscale Sync="TRUE">0</attscale><attrdef Sync="TRUE">Internal feature number.</attrdef><attrdefs Sync="TRUE">Esri</attrdefs><attrdomv><udom Sync="TRUE">Sequential unique whole numbers that are automatically generated.</udom></attrdomv></attr><attr><attrlabl Sync="TRUE">Shape</attrlabl><attalias Sync="TRUE">Shape</attalias><attrtype Sync="TRUE">Geometry</attrtype><attwidth Sync="TRUE">0</attwidth><atprecis Sync="TRUE">0</atprecis><attscale Sync="TRUE">0</attscale><attrdef Sync="TRUE">Feature geometry.</attrdef><attrdefs Sync="TRUE">Esri</attrdefs><attrdomv><udom Sync="TRUE">Coordinates defining the features.</udom></attrdomv></attr><attr><attrlabl Sync="TRUE">TEHSIL</attrlabl><attalias Sync="TRUE">TEHSIL</attalias><attrtype Sync="TRUE">String</attrtype><attwidth Sync="TRUE">30</attwidth><atprecis Sync="TRUE">0</atprecis><attscale Sync="TRUE">0</attscale></attr><attr><attrlabl Sync="TRUE">DISTRICT</attrlabl><attalias Sync="TRUE">DISTRICT</attalias><attrtype Sync="TRUE">String</attrtype><attwidth Sync="TRUE">30</attwidth><atprecis Sync="TRUE">0</atprecis><attscale Sync="TRUE">0</attscale></attr><attr><attrlabl Sync="TRUE">STATE</attrlabl><attalias Sync="TRUE">STATE</attalias><attrtype Sync="TRUE">String</attrtype><attwidth Sync="TRUE">30</attwidth><atprecis Sync="TRUE">0</atprecis><attscale Sync="TRUE">0</attscale></attr><attr><attrlabl Sync="TRUE">Shape_Leng</attrlabl><attalias Sync="TRUE">Shape_Leng</attalias><attrtype Sync="TRUE">Double</attrtype><attwidth Sync="TRUE">8</attwidth><atprecis Sync="TRUE">0</atprecis><attscale Sync="TRUE">0</attscale></attr><attr><attrlabl Sync="TRUE">VILLAGE</attrlabl><attalias Sync="TRUE">VILLAGE</attalias><attrtype Sync="TRUE">String</attrtype><attwidth Sync="TRUE">50</attwidth><atprecis Sync="TRUE">0</atprecis><attscale Sync="TRUE">0</attscale></attr><attr><attrlabl Sync="TRUE">Shape_Length</attrlabl><attalias Sync="TRUE">Shape_Length</attalias><attrtype Sync="TRUE">Double</attrtype><attwidth Sync="TRUE">8</attwidth><atprecis Sync="TRUE">0</atprecis><attscale Sync="TRUE">0</attscale><attrdef Sync="TRUE">Length of feature in internal units.</attrdef><attrdefs Sync="TRUE">Esri</attrdefs><attrdomv><udom Sync="TRUE">Positive real numbers that are automatically generated.</udom></attrdomv></attr><attr><attrlabl Sync="TRUE">Shape_Area</attrlabl><attalias Sync="TRUE">Shape_Area</attalias><attrtype Sync="TRUE">Double</attrtype><attwidth Sync="TRUE">8</attwidth><atprecis Sync="TRUE">0</atprecis><attscale Sync="TRUE">0</attscale><attrdef Sync="TRUE">Area of feature in internal units squared.</attrdef><attrdefs Sync="TRUE">Esri</attrdefs><attrdomv><udom Sync="TRUE">Positive real numbers that are automatically generated.</udom></attrdomv></attr></detailed></eainfo><mdDateSt Sync="TRUE">20181120</mdDateSt></metadata>
