<?xml version="1.0" encoding="UTF-8"?>
<metadata xml:lang="en"><Esri><CreaDate>20210802</CreaDate><CreaTime>09451800</CreaTime><ArcGISFormat>1.0</ArcGISFormat><SyncOnce>FALSE</SyncOnce><DataProperties><lineage><Process ToolSource="c:\program files (x86)\arcgis\desktop10.4\ArcToolbox\Toolboxes\Data Management Tools.tbx\CalculateField" Date="20181206" Time="163654">CalculateField UTTAR_PRADESH_VILLAGE VILLAGE [VILLAGE_1] VB #</Process><Process ToolSource="c:\program files (x86)\arcgis\desktop10.4\ArcToolbox\Toolboxes\Data Management Tools.tbx\CalculateField" Date="20181206" Time="163839">CalculateField UTTAR_PRADESH_VILLAGE VILLAGE [VILLAGE_1] VB #</Process><Process ToolSource="c:\program files (x86)\arcgis\desktop10.4\ArcToolbox\Toolboxes\Data Management Tools.tbx\CalculateField" Date="20181206" Time="163924">CalculateField UTTAR_PRADESH_VILLAGE TEHSIL [TEHSIL_1] VB #</Process><Process ToolSource="c:\program files (x86)\arcgis\desktop10.4\ArcToolbox\Toolboxes\Data Management Tools.tbx\CalculateField" Date="20181206" Time="163953">CalculateField UTTAR_PRADESH_VILLAGE DISTRICT [DISTRICT_1] VB #</Process><Process ToolSource="c:\program files (x86)\arcgis\desktop10.4\ArcToolbox\Toolboxes\Data Management Tools.tbx\CalculateField" Date="20181206" Time="164030">CalculateField UTTAR_PRADESH_VILLAGE STATE "UTTARPRADESH" VB #</Process><Process ToolSource="c:\program files (x86)\arcgis\desktop10.4\ArcToolbox\Toolboxes\Data Management Tools.tbx\CalculateField" Date="20181206" Time="164634">CalculateField UTTAR_PRADESH_VILLAGE DISTRICT "SHAHJAHANPUR" VB #</Process><Process ToolSource="c:\program files (x86)\arcgis\desktop10.4\ArcToolbox\Toolboxes\Data Management Tools.tbx\CalculateField" Date="20181206" Time="165030">CalculateField UTTAR_PRADESH_VILLAGE TEHSIL "PUWANYA" VB #</Process><Process ToolSource="c:\program files (x86)\arcgis\desktop10.4\ArcToolbox\Toolboxes\Data Management Tools.tbx\CalculateField" Date="20181206" Time="165725">CalculateField UTTAR_PRADESH_VILLAGE DISTRICT "ALLAHABAD" VB #</Process><Process ToolSource="c:\program files (x86)\arcgis\desktop10.4\ArcToolbox\Toolboxes\Data Management Tools.tbx\CalculateField" Date="20181206" Time="170741">CalculateField UTTAR_PRADESH_VILLAGE DISTRICT "MIRZAPUR" VB #</Process><Process ToolSource="c:\program files (x86)\arcgis\desktop10.4\ArcToolbox\Toolboxes\Data Management Tools.tbx\CalculateField" Date="20181207" Time="090028">CalculateField UTTAR_PRADESH_VILLAGE DISTRICT "KHERI" VB #</Process><Process ToolSource="c:\program files (x86)\arcgis\desktop10.4\ArcToolbox\Toolboxes\Data Management Tools.tbx\CalculateField" Date="20181207" Time="090420">CalculateField UTTAR_PRADESH_VILLAGE DISTRICT "SHARANPUR" VB #</Process><Process ToolSource="c:\program files (x86)\arcgis\desktop10.4\ArcToolbox\Toolboxes\Data Management Tools.tbx\CalculateField" Date="20181207" Time="090501">CalculateField UTTAR_PRADESH_VILLAGE DISTRICT "SAHARANPUR" VB #</Process><Process ToolSource="c:\program files (x86)\arcgis\desktop10.4\ArcToolbox\Toolboxes\Data Management Tools.tbx\CalculateField" Date="20181207" Time="090708">CalculateField UTTAR_PRADESH_VILLAGE DISTRICT "LUCKNOW" VB #</Process><Process ToolSource="c:\program files (x86)\arcgis\desktop10.4\ArcToolbox\Toolboxes\Data Management Tools.tbx\CalculateField" Date="20181207" Time="090941">CalculateField UTTAR_PRADESH_VILLAGE DISTRICT "RAMPUR" VB #</Process><Process ToolSource="c:\program files (x86)\arcgis\desktop10.4\ArcToolbox\Toolboxes\Data Management Tools.tbx\CalculateField" Date="20181207" Time="091205">CalculateField UTTAR_PRADESH_VILLAGE DISTRICT "BAGHPAT" VB #</Process><Process ToolSource="c:\program files (x86)\arcgis\desktop10.4\ArcToolbox\Toolboxes\Data Management Tools.tbx\CalculateField" Date="20181207" Time="091352">CalculateField UTTAR_PRADESH_VILLAGE DISTRICT "MUZAFARNAGAR" VB #</Process><Process ToolSource="c:\program files (x86)\arcgis\desktop10.4\ArcToolbox\Toolboxes\Data Management Tools.tbx\CalculateField" Date="20181207" Time="091935">CalculateField UTTAR_PRADESH_VILLAGE DISTRICT "BADAUN" VB #</Process><Process ToolSource="c:\program files (x86)\arcgis\desktop10.4\ArcToolbox\Toolboxes\Data Management Tools.tbx\CalculateField" Date="20181207" Time="092103">CalculateField UTTAR_PRADESH_VILLAGE DISTRICT "ALIGARH" VB #</Process><Process ToolSource="c:\program files (x86)\arcgis\desktop10.4\ArcToolbox\Toolboxes\Data Management Tools.tbx\CalculateField" Date="20181207" Time="092217">CalculateField UTTAR_PRADESH_VILLAGE DISTRICT "BAREILLY" VB #</Process><Process ToolSource="c:\program files (x86)\arcgis\desktop10.4\ArcToolbox\Toolboxes\Data Management Tools.tbx\CalculateField" Date="20181207" Time="092407">CalculateField UTTAR_PRADESH_VILLAGE DISTRICT "GAUTAMBUDHNAGAR" VB #</Process><Process ToolSource="c:\program files (x86)\arcgis\desktop10.4\ArcToolbox\Toolboxes\Data Management Tools.tbx\CalculateField" Date="20181207" Time="092700">CalculateField UTTAR_PRADESH_VILLAGE DISTRICT "JHANSI" VB #</Process><Process ToolSource="c:\program files (x86)\arcgis\desktop10.4\ArcToolbox\Toolboxes\Data Management Tools.tbx\CalculateField" Date="20181207" Time="093059">CalculateField UTTAR_PRADESH_VILLAGE DISTRICT "LALITPUR" VB #</Process><Process ToolSource="c:\program files (x86)\arcgis\desktop10.4\ArcToolbox\Toolboxes\Data Management Tools.tbx\CalculateField" Date="20181207" Time="115415">CalculateField UTTAR_PRADESH_VILLAGE DISTRICT "PILHIBHIT" VB #</Process><Process ToolSource="c:\program files (x86)\arcgis\desktop10.4\ArcToolbox\Toolboxes\Data Management Tools.tbx\CalculateField" Date="20181207" Time="115613">CalculateField UTTAR_PRADESH_VILLAGE DISTRICT "CHITRAKOOT" VB #</Process><Process ToolSource="c:\program files (x86)\arcgis\desktop10.4\ArcToolbox\Toolboxes\Data Management Tools.tbx\CalculateField" Date="20181207" Time="115758">CalculateField UTTAR_PRADESH_VILLAGE DISTRICT "BANDA" VB #</Process><Process ToolSource="c:\program files (x86)\arcgis\desktop10.4\ArcToolbox\Toolboxes\Data Management Tools.tbx\CalculateField" Date="20181207" Time="122448">CalculateField UTTAR_PRADESH_VILLAGE DISTRICT "JYOTIBAPHULE NAGAR" VB #</Process><Process ToolSource="c:\program files (x86)\arcgis\desktop10.4\ArcToolbox\Toolboxes\Data Management Tools.tbx\CalculateField" Date="20181207" Time="122548">CalculateField UTTAR_PRADESH_VILLAGE DISTRICT "MEERUT" VB #</Process><Process ToolSource="c:\program files (x86)\arcgis\desktop10.4\ArcToolbox\Toolboxes\Data Management Tools.tbx\CalculateField" Date="20181207" Time="122724">CalculateField UTTAR_PRADESH_VILLAGE DISTRICT "BULANDSAHAR" VB #</Process><Process ToolSource="c:\program files (x86)\arcgis\desktop10.4\ArcToolbox\Toolboxes\Data Management Tools.tbx\CalculateField" Date="20181207" Time="123130">CalculateField UTTAR_PRADESH_VILLAGE DISTRICT "JALAUN" VB #</Process><Process ToolSource="c:\program files (x86)\arcgis\desktop10.4\ArcToolbox\Toolboxes\Data Management Tools.tbx\CalculateField" Date="20181207" Time="123354">CalculateField UTTAR_PRADESH_VILLAGE DISTRICT "SONBHADRA" VB #</Process><Process ToolSource="c:\program files (x86)\arcgis\desktop10.4\ArcToolbox\Toolboxes\Data Management Tools.tbx\CalculateField" Date="20181207" Time="140822">CalculateField UTTAR_PRADESH_VILLAGE DISTRICT "UNNAO" VB #</Process><Process ToolSource="c:\program files (x86)\arcgis\desktop10.4\ArcToolbox\Toolboxes\Data Management Tools.tbx\CalculateField" Date="20181207" Time="141231">CalculateField UTTAR_PRADESH_VILLAGE DISTRICT "AGRA" VB #</Process><Process ToolSource="c:\program files (x86)\arcgis\desktop10.4\ArcToolbox\Toolboxes\Data Management Tools.tbx\CalculateField" Date="20181207" Time="141653">CalculateField UTTAR_PRADESH_VILLAGE DISTRICT "MAHOBA" VB #</Process><Process ToolSource="c:\program files (x86)\arcgis\desktop10.4\ArcToolbox\Toolboxes\Data Management Tools.tbx\CalculateField" Date="20181207" Time="141928">CalculateField UTTAR_PRADESH_VILLAGE DISTRICT "MATHURA" VB #</Process><Process ToolSource="c:\program files (x86)\arcgis\desktop10.4\ArcToolbox\Toolboxes\Data Management Tools.tbx\CalculateField" Date="20181207" Time="142155">CalculateField UTTAR_PRADESH_VILLAGE DISTRICT "SITAPUR" VB #</Process><Process ToolSource="c:\program files (x86)\arcgis\desktop10.4\ArcToolbox\Toolboxes\Data Management Tools.tbx\CalculateField" Date="20181207" Time="142358">CalculateField UTTAR_PRADESH_VILLAGE DISTRICT "MIRZAPUR" VB #</Process><Process ToolSource="c:\program files (x86)\arcgis\desktop10.4\ArcToolbox\Toolboxes\Data Management Tools.tbx\CalculateField" Date="20181207" Time="142507">CalculateField UTTAR_PRADESH_VILLAGE DISTRICT "PRATAPGARH" VB #</Process><Process ToolSource="c:\program files (x86)\arcgis\desktop10.4\ArcToolbox\Toolboxes\Data Management Tools.tbx\CalculateField" Date="20181207" Time="142943">CalculateField UTTAR_PRADESH_VILLAGE DISTRICT "ETAWAH" VB #</Process><Process ToolSource="c:\program files (x86)\arcgis\desktop10.4\ArcToolbox\Toolboxes\Data Management Tools.tbx\CalculateField" Date="20181207" Time="145249">CalculateField UTTAR_PRADESH_VILLAGE TEHSIL "BAGHPAT" VB #</Process><Process ToolSource="c:\program files (x86)\arcgis\desktop10.4\ArcToolbox\Toolboxes\Data Management Tools.tbx\CalculateField" Date="20181207" Time="154716">CalculateField UTTAR_PRADESH_VILLAGE TEHSIL "BARAUT" VB #</Process><Process ToolSource="c:\program files (x86)\arcgis\desktop10.4\ArcToolbox\Toolboxes\Data Management Tools.tbx\CalculateField" Date="20181224" Time="092346">CalculateField UTTAR_PRADESH_VILLAGE TEHSIL "JEVAR" VB #</Process><Process ToolSource="c:\program files (x86)\arcgis\desktop10.4\ArcToolbox\Toolboxes\Data Management Tools.tbx\CalculateField" Date="20181224" Time="093345">CalculateField UTTAR_PRADESH_VILLAGE TEHSIL "AONLA" VB #</Process><Process ToolSource="c:\program files (x86)\arcgis\desktop10.4\ArcToolbox\Toolboxes\Data Management Tools.tbx\CalculateField" Date="20181224" Time="093732">CalculateField UTTAR_PRADESH_VILLAGE TEHSIL "ATRAULI" VB #</Process><Process ToolSource="c:\program files (x86)\arcgis\desktop10.4\ArcToolbox\Toolboxes\Data Management Tools.tbx\CalculateField" Date="20181224" Time="094257">CalculateField UTTAR_PRADESH_VILLAGE TEHSIL "BAH" VB #</Process><Process ToolSource="c:\program files (x86)\arcgis\desktop10.4\ArcToolbox\Toolboxes\Data Management Tools.tbx\CalculateField" Date="20181224" Time="095012">CalculateField UTTAR_PRADESH_VILLAGE TEHSIL "BARA" VB #</Process><Process ToolSource="c:\program files (x86)\arcgis\desktop10.4\ArcToolbox\Toolboxes\Data Management Tools.tbx\CalculateField" Date="20181224" Time="095113">CalculateField UTTAR_PRADESH_VILLAGE TEHSIL "BAREILLY" VB #</Process><Process ToolSource="c:\program files (x86)\arcgis\desktop10.4\ArcToolbox\Toolboxes\Data Management Tools.tbx\CalculateField" Date="20181224" Time="101359">CalculateField UTTAR_PRADESH_VILLAGE TEHSIL "CHHATA" VB #</Process><Process ToolSource="c:\program files (x86)\arcgis\desktop10.4\ArcToolbox\Toolboxes\Data Management Tools.tbx\CalculateField" Date="20181224" Time="102021">CalculateField UTTAR_PRADESH_VILLAGE TEHSIL "DUDHI" VB #</Process><Process ToolSource="c:\program files (x86)\arcgis\desktop10.4\ArcToolbox\Toolboxes\Data Management Tools.tbx\CalculateField" Date="20181224" Time="102351">CalculateField UTTAR_PRADESH_VILLAGE TEHSIL "ETAWAH" VB #</Process><Process ToolSource="c:\program files (x86)\arcgis\desktop10.4\ArcToolbox\Toolboxes\Data Management Tools.tbx\CalculateField" Date="20181224" Time="102436">CalculateField UTTAR_PRADESH_VILLAGE TEHSIL "FAIZABAD" VB #</Process><Process ToolSource="c:\program files (x86)\arcgis\desktop10.4\ArcToolbox\Toolboxes\Data Management Tools.tbx\CalculateField" Date="20181224" Time="103031">CalculateField UTTAR_PRADESH_VILLAGE TEHSIL "GAUTAMBUDHNAGAR" VB #</Process><Process ToolSource="c:\program files (x86)\arcgis\desktop10.4\ArcToolbox\Toolboxes\Data Management Tools.tbx\CalculateField" Date="20181224" Time="104611">CalculateField UTTAR_PRADESH_VILLAGE TEHSIL "TALBEHAT" VB #</Process><Process ToolSource="c:\program files (x86)\arcgis\desktop10.4\ArcToolbox\Toolboxes\Data Management Tools.tbx\CalculateField" Date="20181224" Time="104639">CalculateField UTTAR_PRADESH_VILLAGE TEHSIL "TAHRAULI" VB #</Process><Process ToolSource="c:\program files (x86)\arcgis\desktop10.4\ArcToolbox\Toolboxes\Data Management Tools.tbx\CalculateField" Date="20181224" Time="104747">CalculateField UTTAR_PRADESH_VILLAGE TEHSIL "SUAR" VB #</Process><Process ToolSource="c:\program files (x86)\arcgis\desktop10.4\ArcToolbox\Toolboxes\Data Management Tools.tbx\CalculateField" Date="20181224" Time="121828">CalculateField UTTAR_PRADESH_VILLAGE TEHSIL "SAHARANPUR" VB #</Process><Process ToolSource="c:\program files (x86)\arcgis\desktop10.4\ArcToolbox\Toolboxes\Data Management Tools.tbx\CalculateField" Date="20181224" Time="122701">CalculateField UTTAR_PRADESH_VILLAGE TEHSIL "SAFIPUR" VB #</Process><Process ToolSource="c:\program files (x86)\arcgis\desktop10.4\ArcToolbox\Toolboxes\Data Management Tools.tbx\CalculateField" Date="20181224" Time="122901">CalculateField UTTAR_PRADESH_VILLAGE TEHSIL "REBUTSHGANJ" VB #</Process><Process ToolSource="c:\program files (x86)\arcgis\desktop10.4\ArcToolbox\Toolboxes\Data Management Tools.tbx\CalculateField" Date="20181224" Time="123215">CalculateField UTTAR_PRADESH_VILLAGE TEHSIL "RAMPUR" VB #</Process><Process ToolSource="c:\program files (x86)\arcgis\desktop10.4\ArcToolbox\Toolboxes\Data Management Tools.tbx\CalculateField" Date="20181224" Time="124749">CalculateField UTTAR_PRADESH_VILLAGE TEHSIL "NARAINI" VB #</Process><Process ToolSource="c:\program files (x86)\arcgis\desktop10.4\ArcToolbox\Toolboxes\Data Management Tools.tbx\CalculateField" Date="20181224" Time="124850">CalculateField UTTAR_PRADESH_VILLAGE TEHSIL "NAKUR" VB #</Process><Process ToolSource="c:\program files (x86)\arcgis\desktop10.4\ArcToolbox\Toolboxes\Data Management Tools.tbx\CalculateField" Date="20181224" Time="140800">CalculateField UTTAR_PRADESH_VILLAGE TEHSIL "MOTH" VB #</Process><Process ToolSource="c:\program files (x86)\arcgis\desktop10.4\ArcToolbox\Toolboxes\Data Management Tools.tbx\CalculateField" Date="20181224" Time="141346">CalculateField UTTAR_PRADESH_VILLAGE TEHSIL "MAURANIPUR" VB #</Process><Process ToolSource="c:\program files (x86)\arcgis\desktop10.4\ArcToolbox\Toolboxes\Data Management Tools.tbx\CalculateField" Date="20181224" Time="141837">CalculateField UTTAR_PRADESH_VILLAGE TEHSIL "MAHOBA" VB #</Process><Process ToolSource="c:\program files (x86)\arcgis\desktop10.4\ArcToolbox\Toolboxes\Data Management Tools.tbx\CalculateField" Date="20181224" Time="141907">CalculateField UTTAR_PRADESH_VILLAGE TEHSIL "MAHMUDABAD" VB #</Process><Process ToolSource="c:\program files (x86)\arcgis\desktop10.4\ArcToolbox\Toolboxes\Data Management Tools.tbx\CalculateField" Date="20181224" Time="142101">CalculateField UTTAR_PRADESH_VILLAGE TEHSIL "MADHOGARH" VB #</Process><Process ToolSource="c:\program files (x86)\arcgis\desktop10.4\ArcToolbox\Toolboxes\Data Management Tools.tbx\CalculateField" Date="20181224" Time="142257">CalculateField UTTAR_PRADESH_VILLAGE TEHSIL "LALITPUR" VB #</Process><Process ToolSource="c:\program files (x86)\arcgis\desktop10.4\ArcToolbox\Toolboxes\Data Management Tools.tbx\CalculateField" Date="20181224" Time="142408">CalculateField UTTAR_PRADESH_VILLAGE TEHSIL "LALGANJ" VB #</Process><Process ToolSource="c:\program files (x86)\arcgis\desktop10.4\ArcToolbox\Toolboxes\Data Management Tools.tbx\CalculateField" Date="20181224" Time="142659">CalculateField UTTAR_PRADESH_VILLAGE TEHSIL "KULPAHAR" VB #</Process><Process ToolSource="c:\program files (x86)\arcgis\desktop10.4\ArcToolbox\Toolboxes\Data Management Tools.tbx\CalculateField" Date="20181224" Time="142730">CalculateField UTTAR_PRADESH_VILLAGE TEHSIL "KORAWN" VB #</Process><Process ToolSource="c:\program files (x86)\arcgis\desktop10.4\ArcToolbox\Toolboxes\Data Management Tools.tbx\CalculateField" Date="20181224" Time="142755">CalculateField UTTAR_PRADESH_VILLAGE TEHSIL "KONCH" VB #</Process><Process ToolSource="c:\program files (x86)\arcgis\desktop10.4\ArcToolbox\Toolboxes\Data Management Tools.tbx\CalculateField" Date="20181224" Time="143552">CalculateField UTTAR_PRADESH_VILLAGE TEHSIL "KHAIR" VB #</Process><Process ToolSource="c:\program files (x86)\arcgis\desktop10.4\ArcToolbox\Toolboxes\Data Management Tools.tbx\CalculateField" Date="20181224" Time="143623">CalculateField UTTAR_PRADESH_VILLAGE TEHSIL "KHAGA" VB #</Process><Process ToolSource="c:\program files (x86)\arcgis\desktop10.4\ArcToolbox\Toolboxes\Data Management Tools.tbx\CalculateField" Date="20181224" Time="143729">CalculateField UTTAR_PRADESH_VILLAGE TEHSIL "KARWI" VB #</Process><Process ToolSource="c:\program files (x86)\arcgis\desktop10.4\ArcToolbox\Toolboxes\Data Management Tools.tbx\CalculateField" Date="20181224" Time="144222">CalculateField UTTAR_PRADESH_VILLAGE TEHSIL "JHANSI" VB #</Process><Process ToolSource="c:\program files (x86)\arcgis\desktop10.4\ArcToolbox\Toolboxes\Data Management Tools.tbx\CalculateField" Date="20181224" Time="151027">CalculateField UTTAR_PRADESH_VILLAGE TEHSIL "HASANGANJ" VB #</Process><Process ToolSource="c:\program files (x86)\arcgis\desktop10.4\ArcToolbox\Toolboxes\Data Management Tools.tbx\CalculateField" Date="20181224" Time="151413">CalculateField UTTAR_PRADESH_VILLAGE TEHSIL "PILHIBHIT" VB #</Process><Process ToolSource="c:\program files (x86)\arcgis\desktop10.4\ArcToolbox\Toolboxes\Data Management Tools.tbx\CalculateField" Date="20181226" Time="104348">CalculateField UTTAR_PRADESH_VILLAGE TEHSIL "LALGANJ" VB #</Process><Process ToolSource="c:\program files (x86)\arcgis\desktop10.4\ArcToolbox\Toolboxes\Data Management Tools.tbx\CalculateField" Date="20181227" Time="104549">CalculateField UTTAR_PRADESH_VILLAGE TEHSIL "" VB #</Process><Process ToolSource="c:\program files (x86)\arcgis\desktop10.4\ArcToolbox\Toolboxes\Data Management Tools.tbx\CalculateField" Date="20181227" Time="104659">CalculateField UTTAR_PRADESH_VILLAGE TEHSIL "1" VB #</Process><Process ToolSource="c:\program files (x86)\arcgis\desktop10.5\ArcToolbox\Toolboxes\Conversion Tools.tbx\FeatureClassToFeatureClass" Date="20190306" Time="120222">FeatureClassToFeatureClass F:\MAMTA_TOMAR_19\TOPOLOGY\BIHAR_UP\BIHAR_UP.shp F:\MAMTA_TOMAR_19\TOPOLOGY\BIHAR_UP\Bihar_UP_topology.mdb\village Bihar_UP # "VILLAGE "VILLAGE" true true false 50 Text 0 0 ,First,#,F:\MAMTA_TOMAR_19\TOPOLOGY\BIHAR_UP\BIHAR_UP.shp,VILLAGE,-1,-1;TEHSIL "TEHSIL" true true false 50 Text 0 0 ,First,#,F:\MAMTA_TOMAR_19\TOPOLOGY\BIHAR_UP\BIHAR_UP.shp,TEHSIL,-1,-1;DISTRICT "DISTRICT" true true false 50 Text 0 0 ,First,#,F:\MAMTA_TOMAR_19\TOPOLOGY\BIHAR_UP\BIHAR_UP.shp,DISTRICT,-1,-1;STATE "STATE" true true false 50 Text 0 0 ,First,#,F:\MAMTA_TOMAR_19\TOPOLOGY\BIHAR_UP\BIHAR_UP.shp,STATE,-1,-1" #</Process><Process ToolSource="c:\program files (x86)\arcgis\desktop10.5\ArcToolbox\Toolboxes\Data Management Tools.tbx\CalculateField" Date="20190913" Time="150504">CalculateField UP_VILLAGE DISTRICT "SHAMLI" VB #</Process><Process ToolSource="c:\program files (x86)\arcgis\desktop10.5\ArcToolbox\Toolboxes\Data Management Tools.tbx\CalculateField" Date="20190913" Time="150638">CalculateField UP_VILLAGE DISTRICT "HAPUR" VB #</Process><Process ToolSource="c:\program files (x86)\arcgis\desktop10.5\ArcToolbox\Toolboxes\Data Management Tools.tbx\CalculateField" Date="20190913" Time="150758">CalculateField UP_VILLAGE DISTRICT "AMETHI" VB #</Process><Process ToolSource="c:\program files (x86)\arcgis\desktop10.5\ArcToolbox\Toolboxes\Data Management Tools.tbx\CalculateField" Date="20190913" Time="151719">CalculateField UP_VILLAGE DISTRICT "AMROHA" VB #</Process><Process ToolSource="c:\program files (x86)\arcgis\desktop10.5\ArcToolbox\Toolboxes\Data Management Tools.tbx\CalculateField" Date="20190913" Time="151940">CalculateField UP_VILLAGE DISTRICT "BHADOHI" VB #</Process><Process ToolSource="c:\program files (x86)\arcgis\desktop10.5\ArcToolbox\Toolboxes\Data Management Tools.tbx\CalculateField" Date="20190913" Time="152125">CalculateField UP_VILLAGE DISTRICT "HATHRAS" VB #</Process><Process ToolSource="c:\program files (x86)\arcgis\desktop10.5\ArcToolbox\Toolboxes\Data Management Tools.tbx\CalculateField" Date="20190913" Time="152350">CalculateField UP_VILLAGE DISTRICT "KASGANJ" VB #</Process><Process ToolSource="c:\program files (x86)\arcgis\desktop10.5\ArcToolbox\Toolboxes\Data Management Tools.tbx\CalculateField" Date="20190913" Time="152455">CalculateField UP_VILLAGE DISTRICT "PRAYAGRAJ" VB #</Process><Process ToolSource="c:\program files (x86)\arcgis\desktop10.5\ArcToolbox\Toolboxes\Data Management Tools.tbx\CalculateField" Date="20190913" Time="152532">CalculateField UP_VILLAGE DISTRICT "AYODHYA" VB #</Process><Process ToolSource="c:\program files (x86)\arcgis\desktop10.5\ArcToolbox\Toolboxes\Data Management Tools.tbx\CalculateField" Date="20190913" Time="153100">CalculateField UP_VILLAGE DISTRICT "SAMBHAL" VB #</Process><Process ToolSource="c:\program files (x86)\arcgis\desktop10.3\ArcToolbox\Toolboxes\Data Management Tools.tbx\CalculateField" Date="20200130" Time="102958">CalculateField UP_VILLAGE TEHSIL "LALGUNJ" VB #</Process><Process ToolSource="c:\program files (x86)\arcgis\desktop10.3\ArcToolbox\Toolboxes\Data Management Tools.tbx\CalculateField" Date="20200130" Time="103507">CalculateField UP_VILLAGE TEHSIL "LALGANJ" VB #</Process><Process ToolSource="c:\program files (x86)\arcgis\desktop10.3\ArcToolbox\Toolboxes\Data Management Tools.tbx\CalculateField" Date="20200130" Time="103622">CalculateField UP_VILLAGE TEHSIL "PRATAPGARH" VB #</Process><Process ToolSource="c:\program files (x86)\arcgis\desktop10.7\ArcToolbox\Toolboxes\Data Management Tools.tbx\CalculateField" Date="20201103" Time="112318">CalculateField VILLAGE TEHSIL "RANIGANJ" VB #</Process><Process ToolSource="c:\program files (x86)\arcgis\desktop10.7\ArcToolbox\Toolboxes\Data Management Tools.tbx\CalculateField" Date="20201103" Time="113421">CalculateField VILLAGE TEHSIL "RANIGANJ" VB #</Process><Process ToolSource="c:\program files (x86)\arcgis\desktop10.7\ArcToolbox\Toolboxes\Data Management Tools.tbx\CalculateField" Date="20201103" Time="113603">CalculateField VILLAGE TEHSIL "RANIGANJ" VB #</Process><Process ToolSource="c:\program files (x86)\arcgis\desktop10.7\ArcToolbox\Toolboxes\Data Management Tools.tbx\CalculateField" Date="20210115" Time="103909">CalculateField VILLAGE DISTRICT "&gt;GRA" VB #</Process><Process ToolSource="c:\program files (x86)\arcgis\desktop10.7\ArcToolbox\Toolboxes\Data Management Tools.tbx\CalculateField" Date="20210115" Time="103920">CalculateField VILLAGE TEHSIL "&gt;GRA" VB #</Process><Process ToolSource="c:\program files (x86)\arcgis\desktop10.7\ArcToolbox\Toolboxes\Data Management Tools.tbx\CalculateField" Date="20210115" Time="104059">CalculateField VILLAGE DISTRICT "AL|GARH" VB #</Process><Process ToolSource="c:\program files (x86)\arcgis\desktop10.7\ArcToolbox\Toolboxes\Data Management Tools.tbx\CalculateField" Date="20210115" Time="104203">CalculateField VILLAGE DISTRICT "BUDAUN" VB #</Process><Process ToolSource="c:\program files (x86)\arcgis\desktop10.7\ArcToolbox\Toolboxes\Data Management Tools.tbx\CalculateField" Date="20210115" Time="104217">CalculateField VILLAGE TEHSIL "BUDAUN" VB #</Process><Process ToolSource="c:\program files (x86)\arcgis\desktop10.7\ArcToolbox\Toolboxes\Data Management Tools.tbx\CalculateField" Date="20210115" Time="104243">CalculateField VILLAGE DISTRICT "B&gt;GHPAT" VB #</Process><Process ToolSource="c:\program files (x86)\arcgis\desktop10.7\ArcToolbox\Toolboxes\Data Management Tools.tbx\CalculateField" Date="20210115" Time="104257">CalculateField VILLAGE TEHSIL "B&gt;GHPAT" VB #</Process><Process ToolSource="c:\program files (x86)\arcgis\desktop10.7\ArcToolbox\Toolboxes\Data Management Tools.tbx\CalculateField" Date="20210115" Time="105458">CalculateField VILLAGE DISTRICT "BULANDSHAHR" VB #</Process><Process ToolSource="c:\program files (x86)\arcgis\desktop10.7\ArcToolbox\Toolboxes\Data Management Tools.tbx\CalculateField" Date="20210115" Time="105625">CalculateField VILLAGE DISTRICT "ET&gt;WAH" VB #</Process><Process ToolSource="c:\program files (x86)\arcgis\desktop10.7\ArcToolbox\Toolboxes\Data Management Tools.tbx\CalculateField" Date="20210115" Time="105658">CalculateField VILLAGE TEHSIL "ET&gt;WAH" VB #</Process><Process ToolSource="c:\program files (x86)\arcgis\desktop10.7\ArcToolbox\Toolboxes\Data Management Tools.tbx\CalculateField" Date="20210115" Time="105749">CalculateField VILLAGE DISTRICT "FARRUKH&gt;B&gt;D" VB #</Process><Process ToolSource="c:\program files (x86)\arcgis\desktop10.7\ArcToolbox\Toolboxes\Data Management Tools.tbx\CalculateField" Date="20210115" Time="105820">CalculateField VILLAGE DISTRICT "FIROZ&gt;B&gt;D" VB #</Process><Process ToolSource="c:\program files (x86)\arcgis\desktop10.7\ArcToolbox\Toolboxes\Data Management Tools.tbx\CalculateField" Date="20210115" Time="105853">CalculateField VILLAGE TEHSIL "FIROZ&gt;B&gt;D" VB #</Process><Process ToolSource="c:\program files (x86)\arcgis\desktop10.7\ArcToolbox\Toolboxes\Data Management Tools.tbx\CalculateField" Date="20210115" Time="105948">CalculateField VILLAGE DISTRICT "GH&gt;ZI&gt;B&gt;D" VB #</Process><Process ToolSource="c:\program files (x86)\arcgis\desktop10.7\ArcToolbox\Toolboxes\Data Management Tools.tbx\CalculateField" Date="20210115" Time="110003">CalculateField VILLAGE TEHSIL "GH&gt;ZI&gt;B&gt;D" VB #</Process><Process ToolSource="c:\program files (x86)\arcgis\desktop10.7\ArcToolbox\Toolboxes\Data Management Tools.tbx\CalculateField" Date="20210115" Time="110040">CalculateField VILLAGE DISTRICT "H&gt;PUR" VB #</Process><Process ToolSource="c:\program files (x86)\arcgis\desktop10.7\ArcToolbox\Toolboxes\Data Management Tools.tbx\CalculateField" Date="20210115" Time="110156">CalculateField VILLAGE TEHSIL "H&gt;PUR" VB #</Process><Process ToolSource="c:\program files (x86)\arcgis\desktop10.7\ArcToolbox\Toolboxes\Data Management Tools.tbx\CalculateField" Date="20210115" Time="110230">CalculateField VILLAGE DISTRICT "H&gt;THRAS" VB #</Process><Process ToolSource="c:\program files (x86)\arcgis\desktop10.7\ArcToolbox\Toolboxes\Data Management Tools.tbx\CalculateField" Date="20210115" Time="110253">CalculateField VILLAGE TEHSIL "H&gt;THRAS" VB #</Process><Process ToolSource="c:\program files (x86)\arcgis\desktop10.7\ArcToolbox\Toolboxes\Data Management Tools.tbx\CalculateField" Date="20210115" Time="110451">CalculateField VILLAGE DISTRICT "MOR&gt;D&gt;B&gt;D" VB #</Process><Process ToolSource="c:\program files (x86)\arcgis\desktop10.7\ArcToolbox\Toolboxes\Data Management Tools.tbx\CalculateField" Date="20210115" Time="110506">CalculateField VILLAGE TEHSIL "MOR&gt;D&gt;B&gt;D" VB #</Process><Process ToolSource="c:\program files (x86)\arcgis\desktop10.7\ArcToolbox\Toolboxes\Data Management Tools.tbx\CalculateField" Date="20210115" Time="110545">CalculateField VILLAGE DISTRICT "MUZAFFARNAGAR" VB #</Process><Process ToolSource="c:\program files (x86)\arcgis\desktop10.7\ArcToolbox\Toolboxes\Data Management Tools.tbx\CalculateField" Date="20210115" Time="110701">CalculateField VILLAGE DISTRICT "P|L|BH|T" VB #</Process><Process ToolSource="c:\program files (x86)\arcgis\desktop10.7\ArcToolbox\Toolboxes\Data Management Tools.tbx\CalculateField" Date="20210115" Time="110725">CalculateField VILLAGE TEHSIL "P|L|BH|T" VB #</Process><Process ToolSource="c:\program files (x86)\arcgis\desktop10.7\ArcToolbox\Toolboxes\Data Management Tools.tbx\CalculateField" Date="20210115" Time="110755">CalculateField VILLAGE DISTRICT "R&gt;MPUR" VB #</Process><Process ToolSource="c:\program files (x86)\arcgis\desktop10.7\ArcToolbox\Toolboxes\Data Management Tools.tbx\CalculateField" Date="20210115" Time="110809">CalculateField VILLAGE TEHSIL "R&gt;MPUR" VB #</Process><Process ToolSource="c:\program files (x86)\arcgis\desktop10.7\ArcToolbox\Toolboxes\Data Management Tools.tbx\CalculateField" Date="20210115" Time="110847">CalculateField VILLAGE DISTRICT "SAH&gt;RANPUR" VB #</Process><Process ToolSource="c:\program files (x86)\arcgis\desktop10.7\ArcToolbox\Toolboxes\Data Management Tools.tbx\CalculateField" Date="20210115" Time="110902">CalculateField VILLAGE TEHSIL "SAH&gt;RANPUR" VB #</Process><Process ToolSource="c:\program files (x86)\arcgis\desktop10.7\ArcToolbox\Toolboxes\Data Management Tools.tbx\CalculateField" Date="20210115" Time="111141">CalculateField VILLAGE DISTRICT "SH&gt;HJAH&gt;NPUR" VB #</Process><Process ToolSource="c:\program files (x86)\arcgis\desktop10.7\ArcToolbox\Toolboxes\Data Management Tools.tbx\CalculateField" Date="20210115" Time="111240">CalculateField VILLAGE TEHSIL "SH&gt;HJAH&gt;NPUR" VB #</Process><Process ToolSource="c:\program files (x86)\arcgis\desktop10.7\ArcToolbox\Toolboxes\Data Management Tools.tbx\CalculateField" Date="20210115" Time="115603">CalculateField VILLAGE DISTRICT "SH&gt;MLI" VB #</Process><Process ToolSource="c:\program files (x86)\arcgis\desktop10.7\ArcToolbox\Toolboxes\Data Management Tools.tbx\CalculateField" Date="20210115" Time="115625">CalculateField VILLAGE TEHSIL "SH&gt;MLI" VB #</Process><Process ToolSource="c:\program files (x86)\arcgis\desktop10.7\ArcToolbox\Toolboxes\Data Management Tools.tbx\CalculateField" Date="20210115" Time="115736">CalculateField VILLAGE DISTRICT "SHR&gt;WASTI" VB #</Process><Process ToolSource="c:\program files (x86)\arcgis\desktop10.7\ArcToolbox\Toolboxes\Data Management Tools.tbx\CalculateField" Date="20210115" Time="115835">CalculateField VILLAGE DISTRICT "S|T&gt;PUR" VB #</Process><Process ToolSource="c:\program files (x86)\arcgis\desktop10.7\ArcToolbox\Toolboxes\Data Management Tools.tbx\CalculateField" Date="20210115" Time="115857">CalculateField VILLAGE TEHSIL "S|T&gt;PUR" VB #</Process><Process ToolSource="c:\program files (x86)\arcgis\desktop10.7\ArcToolbox\Toolboxes\Data Management Tools.tbx\CalculateField" Date="20210719" Time="095804">CalculateField VILLAGE TEHSIL "LALGANJ" VB #</Process></lineage><itemProps><itemName Sync="TRUE">UP_VILLAGE</itemName><imsContentType Sync="TRUE">002</imsContentType><itemLocation><linkage Sync="TRUE">file://\\SGO507\D$\INDIA_ADM_BOUNDARY\6_aug_planipotentiary\UP_Village\Uttar_Pradesh.gdb</linkage><protocol Sync="TRUE">Local Area Network</protocol></itemLocation></itemProps><coordRef><type Sync="TRUE">Projected</type><geogcsn Sync="TRUE">GCS_WGS_1984</geogcsn><csUnits Sync="TRUE">Linear Unit: Meter (1.000000)</csUnits><projcsn Sync="TRUE">LCC_WGS84</projcsn><peXml Sync="TRUE">&lt;ProjectedCoordinateSystem xsi:type='typens:ProjectedCoordinateSystem' xmlns:xsi='http://www.w3.org/2001/XMLSchema-instance' xmlns:xs='http://www.w3.org/2001/XMLSchema' xmlns:typens='http://www.esri.com/schemas/ArcGIS/10.3'&gt;&lt;WKT&gt;PROJCS[&amp;quot;LCC_WGS84&amp;quot;,GEOGCS[&amp;quot;GCS_WGS_1984&amp;quot;,DATUM[&amp;quot;D_WGS_1984&amp;quot;,SPHEROID[&amp;quot;WGS_1984&amp;quot;,6378137.0,298.257223563]],PRIMEM[&amp;quot;Greenwich&amp;quot;,0.0],UNIT[&amp;quot;Degree&amp;quot;,0.0174532925199433]],PROJECTION[&amp;quot;Lambert_Conformal_Conic&amp;quot;],PARAMETER[&amp;quot;False_Easting&amp;quot;,4000000.0],PARAMETER[&amp;quot;False_Northing&amp;quot;,4000000.0],PARAMETER[&amp;quot;Central_Meridian&amp;quot;,80.0],PARAMETER[&amp;quot;Standard_Parallel_1&amp;quot;,12.472944],PARAMETER[&amp;quot;Standard_Parallel_2&amp;quot;,35.172806],PARAMETER[&amp;quot;Scale_Factor&amp;quot;,1.0],PARAMETER[&amp;quot;Latitude_Of_Origin&amp;quot;,24.0],UNIT[&amp;quot;Meter&amp;quot;,1.0]]&lt;/WKT&gt;&lt;XOrigin&gt;-35091300&lt;/XOrigin&gt;&lt;YOrigin&gt;-22777300&lt;/YOrigin&gt;&lt;XYScale&gt;10000&lt;/XYScale&gt;&lt;ZOrigin&gt;-100000&lt;/ZOrigin&gt;&lt;ZScale&gt;10000&lt;/ZScale&gt;&lt;MOrigin&gt;-100000&lt;/MOrigin&gt;&lt;MScale&gt;10000&lt;/MScale&gt;&lt;XYTolerance&gt;0.001&lt;/XYTolerance&gt;&lt;ZTolerance&gt;0.001&lt;/ZTolerance&gt;&lt;MTolerance&gt;0.001&lt;/MTolerance&gt;&lt;HighPrecision&gt;true&lt;/HighPrecision&gt;&lt;/ProjectedCoordinateSystem&gt;</peXml></coordRef></DataProperties><SyncDate>20200214</SyncDate><SyncTime>14250600</SyncTime><ModDate>20200214</ModDate><ModTime>14250600</ModTime></Esri><dataIdInfo><envirDesc Sync="TRUE">Microsoft Windows 7 Version 6.1 (Build 7601) Service Pack 1; Esri ArcGIS 10.3.1.4959</envirDesc><dataLang><languageCode value="eng" Sync="TRUE"></languageCode><countryCode value="IND" Sync="TRUE"></countryCode></dataLang><idCitation><resTitle Sync="TRUE">UP_VILLAGE</resTitle><presForm><PresFormCd value="005" Sync="TRUE"></PresFormCd></presForm></idCitation><spatRpType><SpatRepTypCd value="001" Sync="TRUE"></SpatRepTypCd></spatRpType></dataIdInfo><mdLang><languageCode value="eng" Sync="TRUE"></languageCode><countryCode value="IND" Sync="TRUE"></countryCode></mdLang><distInfo><distFormat><formatName Sync="TRUE">File Geodatabase Feature Class</formatName></distFormat></distInfo><mdHrLv><ScopeCd value="005" Sync="TRUE"></ScopeCd></mdHrLv><mdHrLvName Sync="TRUE">dataset</mdHrLvName><refSysInfo><RefSystem><refSysID><identCode code="0" Sync="TRUE"></identCode></refSysID></RefSystem></refSysInfo><spatRepInfo><VectSpatRep><geometObjs Name="UP_VILLAGE"><geoObjTyp><GeoObjTypCd value="002" Sync="TRUE"></GeoObjTypCd></geoObjTyp><geoObjCnt Sync="TRUE">0</geoObjCnt></geometObjs><topLvl><TopoLevCd value="001" Sync="TRUE"></TopoLevCd></topLvl></VectSpatRep></spatRepInfo><spdoinfo><ptvctinf><esriterm Name="UP_VILLAGE"><efeatyp Sync="TRUE">Simple</efeatyp><efeageom code="4" Sync="TRUE"></efeageom><esritopo Sync="TRUE">FALSE</esritopo><efeacnt Sync="TRUE">0</efeacnt><spindex Sync="TRUE">TRUE</spindex><linrefer Sync="TRUE">FALSE</linrefer></esriterm></ptvctinf></spdoinfo><eainfo><detailed Name="UP_VILLAGE"><enttyp><enttypl Sync="TRUE">UP_VILLAGE</enttypl><enttypt Sync="TRUE">Feature Class</enttypt><enttypc Sync="TRUE">0</enttypc></enttyp><attr><attrlabl Sync="TRUE">OBJECTID_1</attrlabl><attalias Sync="TRUE">OBJECTID_1</attalias><attrtype Sync="TRUE">OID</attrtype><attwidth Sync="TRUE">4</attwidth><atprecis Sync="TRUE">0</atprecis><attscale Sync="TRUE">0</attscale><attrdef Sync="TRUE">Internal feature number.</attrdef><attrdefs Sync="TRUE">Esri</attrdefs><attrdomv><udom Sync="TRUE">Sequential unique whole numbers that are automatically generated.</udom></attrdomv></attr><attr><attrlabl Sync="TRUE">OBJECTID</attrlabl><attalias Sync="TRUE">OBJECTID</attalias><attrtype Sync="TRUE">Integer</attrtype><attwidth Sync="TRUE">4</attwidth><atprecis Sync="TRUE">0</atprecis><attscale Sync="TRUE">0</attscale><attrdef Sync="TRUE">Internal feature number.</attrdef><attrdefs Sync="TRUE">Esri</attrdefs><attrdomv><udom Sync="TRUE">Sequential unique whole numbers that are automatically generated.</udom></attrdomv></attr><attr><attrlabl Sync="TRUE">Shape</attrlabl><attalias Sync="TRUE">Shape</attalias><attrtype Sync="TRUE">Geometry</attrtype><attwidth Sync="TRUE">0</attwidth><atprecis Sync="TRUE">0</atprecis><attscale Sync="TRUE">0</attscale><attrdef Sync="TRUE">Feature geometry.</attrdef><attrdefs Sync="TRUE">Esri</attrdefs><attrdomv><udom Sync="TRUE">Coordinates defining the features.</udom></attrdomv></attr><attr><attrlabl Sync="TRUE">VILLAGE</attrlabl><attalias Sync="TRUE">VILLAGE</attalias><attrtype Sync="TRUE">String</attrtype><attwidth Sync="TRUE">50</attwidth><atprecis Sync="TRUE">0</atprecis><attscale Sync="TRUE">0</attscale></attr><attr><attrlabl Sync="TRUE">TEHSIL</attrlabl><attalias Sync="TRUE">TEHSIL</attalias><attrtype Sync="TRUE">String</attrtype><attwidth Sync="TRUE">50</attwidth><atprecis Sync="TRUE">0</atprecis><attscale Sync="TRUE">0</attscale></attr><attr><attrlabl Sync="TRUE">DISTRICT</attrlabl><attalias Sync="TRUE">DISTRICT</attalias><attrtype Sync="TRUE">String</attrtype><attwidth Sync="TRUE">50</attwidth><atprecis Sync="TRUE">0</atprecis><attscale Sync="TRUE">0</attscale></attr><attr><attrlabl Sync="TRUE">STATE</attrlabl><attalias Sync="TRUE">STATE</attalias><attrtype Sync="TRUE">String</attrtype><attwidth Sync="TRUE">50</attwidth><atprecis Sync="TRUE">0</atprecis><attscale Sync="TRUE">0</attscale></attr><attr><attrlabl Sync="TRUE">Shape_Leng</attrlabl><attalias Sync="TRUE">Shape_Leng</attalias><attrtype Sync="TRUE">Double</attrtype><attwidth Sync="TRUE">8</attwidth><atprecis Sync="TRUE">0</atprecis><attscale Sync="TRUE">0</attscale></attr><attr><attrlabl Sync="TRUE">Shape_Length</attrlabl><attalias Sync="TRUE">Shape_Length</attalias><attrtype Sync="TRUE">Double</attrtype><attwidth Sync="TRUE">8</attwidth><atprecis Sync="TRUE">0</atprecis><attscale Sync="TRUE">0</attscale><attrdef Sync="TRUE">Length of feature in internal units.</attrdef><attrdefs Sync="TRUE">Esri</attrdefs><attrdomv><udom Sync="TRUE">Positive real numbers that are automatically generated.</udom></attrdomv></attr><attr><attrlabl Sync="TRUE">Shape_Area</attrlabl><attalias Sync="TRUE">Shape_Area</attalias><attrtype Sync="TRUE">Double</attrtype><attwidth Sync="TRUE">8</attwidth><atprecis Sync="TRUE">0</atprecis><attscale Sync="TRUE">0</attscale><attrdef Sync="TRUE">Area of feature in internal units squared.</attrdef><attrdefs Sync="TRUE">Esri</attrdefs><attrdomv><udom Sync="TRUE">Positive real numbers that are automatically generated.</udom></attrdomv></attr></detailed></eainfo><mdDateSt Sync="TRUE">20200214</mdDateSt></metadata>
