<?xml version="1.0" encoding="UTF-8"?>
<metadata xml:lang="en"><Esri><CreaDate>20210625</CreaDate><CreaTime>18111800</CreaTime><ArcGISFormat>1.0</ArcGISFormat><SyncOnce>FALSE</SyncOnce><DataProperties><itemProps><itemName Sync="TRUE">VILLAGE</itemName><imsContentType Sync="TRUE">002</imsContentType><itemSize Sync="TRUE">0.000</itemSize><itemLocation><linkage Sync="TRUE">file://\\NGDC_2\F\INTER_STATE_BDY\India_ADM_Boundary_7_dec2018\ANDAMAN_NICOBAR\ANDAMAN_NICOBAR.gdb</linkage><protocol Sync="TRUE">Local Area Network</protocol></itemLocation></itemProps><coordRef><type Sync="TRUE">Projected</type><geogcsn Sync="TRUE">GCS_WGS_1984</geogcsn><csUnits Sync="TRUE">Linear Unit: Meter (1.000000)</csUnits><projcsn Sync="TRUE">LCC_WGS84</projcsn><peXml Sync="TRUE">&lt;ProjectedCoordinateSystem xsi:type='typens:ProjectedCoordinateSystem' xmlns:xsi='http://www.w3.org/2001/XMLSchema-instance' xmlns:xs='http://www.w3.org/2001/XMLSchema' xmlns:typens='http://www.esri.com/schemas/ArcGIS/10.5'&gt;&lt;WKT&gt;PROJCS[&amp;quot;LCC_WGS84&amp;quot;,GEOGCS[&amp;quot;GCS_WGS_1984&amp;quot;,DATUM[&amp;quot;D_WGS_1984&amp;quot;,SPHEROID[&amp;quot;WGS_1984&amp;quot;,6378137.0,298.257223563]],PRIMEM[&amp;quot;Greenwich&amp;quot;,0.0],UNIT[&amp;quot;Degree&amp;quot;,0.0174532925199433]],PROJECTION[&amp;quot;Lambert_Conformal_Conic&amp;quot;],PARAMETER[&amp;quot;False_Easting&amp;quot;,4000000.0],PARAMETER[&amp;quot;False_Northing&amp;quot;,4000000.0],PARAMETER[&amp;quot;Central_Meridian&amp;quot;,80.0],PARAMETER[&amp;quot;Standard_Parallel_1&amp;quot;,12.4729444444],PARAMETER[&amp;quot;Standard_Parallel_2&amp;quot;,35.1728055555],PARAMETER[&amp;quot;Scale_Factor&amp;quot;,1.0],PARAMETER[&amp;quot;Latitude_Of_Origin&amp;quot;,24.0],UNIT[&amp;quot;Meter&amp;quot;,1.0]]&lt;/WKT&gt;&lt;XOrigin&gt;-35091300&lt;/XOrigin&gt;&lt;YOrigin&gt;-22777300&lt;/YOrigin&gt;&lt;XYScale&gt;10000&lt;/XYScale&gt;&lt;ZOrigin&gt;-100000&lt;/ZOrigin&gt;&lt;ZScale&gt;10000&lt;/ZScale&gt;&lt;MOrigin&gt;-100000&lt;/MOrigin&gt;&lt;MScale&gt;10000&lt;/MScale&gt;&lt;XYTolerance&gt;0.001&lt;/XYTolerance&gt;&lt;ZTolerance&gt;0.001&lt;/ZTolerance&gt;&lt;MTolerance&gt;0.001&lt;/MTolerance&gt;&lt;HighPrecision&gt;true&lt;/HighPrecision&gt;&lt;/ProjectedCoordinateSystem&gt;</peXml></coordRef><lineage><Process ToolSource="c:\program files (x86)\arcgis\desktop10.4\ArcToolbox\Toolboxes\Analysis Tools.tbx\SpatialJoin" Date="20181011" Time="113031">SpatialJoin "NICOBAR DISTRICT_dgn_Polygon" "NICOBAR DISTRICT_dgn_Annotation" "F:\INDIA_ADM_BOUNDARY\VILLAGE_TNPANI\ANDAMAN_NICOBAR_SHP\NICOBAR DISTRICT_poly_with_anno.shp" JOIN_ONE_TO_ONE KEEP_ALL "Entity "Entity" true true false 16 Text 0 0 ,First,#,NICOBAR DISTRICT_dgn_Polygon,Entity,-1,-1;Handle "Handle" true true false 16 Text 0 0 ,First,#,NICOBAR DISTRICT_dgn_Polygon,Handle,-1,-1;Level "Level" true true false 10 Long 0 10 ,First,#,NICOBAR DISTRICT_dgn_Polygon,Level,-1,-1;Layer "Layer" true true false 254 Text 0 0 ,First,#,NICOBAR DISTRICT_dgn_Polygon,Layer,-1,-1;LvlDesc "LvlDesc" true true false 254 Text 0 0 ,First,#,NICOBAR DISTRICT_dgn_Polygon,LvlDesc,-1,-1;LyrFrzn "LyrFrzn" true true false 5 Long 0 5 ,First,#,NICOBAR DISTRICT_dgn_Polygon,LyrFrzn,-1,-1;LyrLock "LyrLock" true true false 5 Long 0 5 ,First,#,NICOBAR DISTRICT_dgn_Polygon,LyrLock,-1,-1;LyrOn "LyrOn" true true false 5 Long 0 5 ,First,#,NICOBAR DISTRICT_dgn_Polygon,LyrOn,-1,-1;LvlPlot "LvlPlot" true true false 5 Long 0 5 ,First,#,NICOBAR DISTRICT_dgn_Polygon,LvlPlot,-1,-1;Color "Color" true true false 5 Long 0 5 ,First,#,NICOBAR DISTRICT_dgn_Polygon,Color,-1,-1;EntColor "EntColor" true true false 5 Long 0 5 ,First,#,NICOBAR DISTRICT_dgn_Polygon,EntColor,-1,-1;LyrColor "LyrColor" true true false 5 Long 0 5 ,First,#,NICOBAR DISTRICT_dgn_Polygon,LyrColor,-1,-1;Linetype "Linetype" true true false 254 Text 0 0 ,First,#,NICOBAR DISTRICT_dgn_Polygon,Linetype,-1,-1;EntLinetyp "EntLinetyp" true true false 254 Text 0 0 ,First,#,NICOBAR DISTRICT_dgn_Polygon,EntLinetyp,-1,-1;LyrLnType "LyrLnType" true true false 254 Text 0 0 ,First,#,NICOBAR DISTRICT_dgn_Polygon,LyrLnType,-1,-1;Elevation "Elevation" true true false 19 Double 0 0 ,First,#,NICOBAR DISTRICT_dgn_Polygon,Elevation,-1,-1;Class "Class" true true false 24 Text 0 0 ,First,#,NICOBAR DISTRICT_dgn_Polygon,Class,-1,-1;GGroup "GGroup" true true false 5 Long 0 5 ,First,#,NICOBAR DISTRICT_dgn_Polygon,GGroup,-1,-1;CadModel "CadModel" true true false 254 Text 0 0 ,First,#,NICOBAR DISTRICT_dgn_Polygon,CadModel,-1,-1;Fill "Fill" true true false 5 Long 0 5 ,First,#,NICOBAR DISTRICT_dgn_Polygon,Fill,-1,-1;LineWt "LineWt" true true false 5 Long 0 5 ,First,#,NICOBAR DISTRICT_dgn_Polygon,LineWt,-1,-1;EntLineWt "EntLineWt" true true false 5 Long 0 5 ,First,#,NICOBAR DISTRICT_dgn_Polygon,EntLineWt,-1,-1;LyrLineWt "LyrLineWt" true true false 5 Long 0 5 ,First,#,NICOBAR DISTRICT_dgn_Polygon,LyrLineWt,-1,-1;RefName "RefName" true true false 254 Text 0 0 ,First,#,NICOBAR DISTRICT_dgn_Polygon,RefName,-1,-1;LTScale "LTScale" true true false 19 Double 0 0 ,First,#,NICOBAR DISTRICT_dgn_Polygon,LTScale,-1,-1;QrotW "QrotW" true true false 19 Double 0 0 ,First,#,NICOBAR DISTRICT_dgn_Polygon,QrotW,-1,-1;QrotX "QrotX" true true false 19 Double 0 0 ,First,#,NICOBAR DISTRICT_dgn_Polygon,QrotX,-1,-1;QrotY "QrotY" true true false 19 Double 0 0 ,First,#,NICOBAR DISTRICT_dgn_Polygon,QrotY,-1,-1;QrotZ "QrotZ" true true false 19 Double 0 0 ,First,#,NICOBAR DISTRICT_dgn_Polygon,QrotZ,-1,-1;DocName "DocName" true true false 254 Text 0 0 ,First,#,NICOBAR DISTRICT_dgn_Polygon,DocName,-1,-1;DocPath "DocPath" true true false 254 Text 0 0 ,First,#,NICOBAR DISTRICT_dgn_Polygon,DocPath,-1,-1;DocType "DocType" true true false 32 Text 0 0 ,First,#,NICOBAR DISTRICT_dgn_Polygon,DocType,-1,-1;DocVer "DocVer" true true false 16 Text 0 0 ,First,#,NICOBAR DISTRICT_dgn_Polygon,DocVer,-1,-1;Entity_1 "Entity_1" true true false 16 Text 0 0 ,First,#,NICOBAR DISTRICT_dgn_Annotation,Entity,-1,-1;Handle_1 "Handle_1" true true false 16 Text 0 0 ,First,#,NICOBAR DISTRICT_dgn_Annotation,Handle,-1,-1;Level_1 "Level_1" true true false 10 Long 0 10 ,First,#,NICOBAR DISTRICT_dgn_Annotation,Level,-1,-1;Layer_1 "Layer_1" true true false 254 Text 0 0 ,First,#,NICOBAR DISTRICT_dgn_Annotation,Layer,-1,-1;LvlDesc_1 "LvlDesc_1" true true false 254 Text 0 0 ,First,#,NICOBAR DISTRICT_dgn_Annotation,LvlDesc,-1,-1;LyrFrzn_1 "LyrFrzn_1" true true false 5 Long 0 5 ,First,#,NICOBAR DISTRICT_dgn_Annotation,LyrFrzn,-1,-1;LyrLock_1 "LyrLock_1" true true false 5 Long 0 5 ,First,#,NICOBAR DISTRICT_dgn_Annotation,LyrLock,-1,-1;LyrOn_1 "LyrOn_1" true true false 5 Long 0 5 ,First,#,NICOBAR DISTRICT_dgn_Annotation,LyrOn,-1,-1;LvlPlot_1 "LvlPlot_1" true true false 5 Long 0 5 ,First,#,NICOBAR DISTRICT_dgn_Annotation,LvlPlot,-1,-1;Color_1 "Color_1" true true false 5 Long 0 5 ,First,#,NICOBAR DISTRICT_dgn_Annotation,Color,-1,-1;EntColor_1 "EntColor_1" true true false 5 Long 0 5 ,First,#,NICOBAR DISTRICT_dgn_Annotation,EntColor,-1,-1;LyrColor_1 "LyrColor_1" true true false 5 Long 0 5 ,First,#,NICOBAR DISTRICT_dgn_Annotation,LyrColor,-1,-1;Linetype_1 "Linetype_1" true true false 254 Text 0 0 ,First,#,NICOBAR DISTRICT_dgn_Annotation,Linetype,-1,-1;EntLinetyp_1 "EntLinetyp_1" true true false 254 Text 0 0 ,First,#,NICOBAR DISTRICT_dgn_Annotation,EntLinetyp,-1,-1;LyrLnType_1 "LyrLnType_1" true true false 254 Text 0 0 ,First,#,NICOBAR DISTRICT_dgn_Annotation,LyrLnType,-1,-1;Elevation_1 "Elevation_1" true true false 19 Double 0 0 ,First,#,NICOBAR DISTRICT_dgn_Annotation,Elevation,-1,-1;Class_1 "Class_1" true true false 24 Text 0 0 ,First,#,NICOBAR DISTRICT_dgn_Annotation,Class,-1,-1;GGroup_1 "GGroup_1" true true false 5 Long 0 5 ,First,#,NICOBAR DISTRICT_dgn_Annotation,GGroup,-1,-1;CadModel_1 "CadModel_1" true true false 254 Text 0 0 ,First,#,NICOBAR DISTRICT_dgn_Annotation,CadModel,-1,-1;Fill_1 "Fill_1" true true false 5 Long 0 5 ,First,#,NICOBAR DISTRICT_dgn_Annotation,Fill,-1,-1;LineWt_1 "LineWt_1" true true false 5 Long 0 5 ,First,#,NICOBAR DISTRICT_dgn_Annotation,LineWt,-1,-1;EntLineWt_1 "EntLineWt_1" true true false 5 Long 0 5 ,First,#,NICOBAR DISTRICT_dgn_Annotation,EntLineWt,-1,-1;LyrLineWt_1 "LyrLineWt_1" true true false 5 Long 0 5 ,First,#,NICOBAR DISTRICT_dgn_Annotation,LyrLineWt,-1,-1;RefName_1 "RefName_1" true true false 254 Text 0 0 ,First,#,NICOBAR DISTRICT_dgn_Annotation,RefName,-1,-1;LTScale_1 "LTScale_1" true true false 19 Double 0 0 ,First,#,NICOBAR DISTRICT_dgn_Annotation,LTScale,-1,-1;QrotW_1 "QrotW_1" true true false 19 Double 0 0 ,First,#,NICOBAR DISTRICT_dgn_Annotation,QrotW,-1,-1;QrotX_1 "QrotX_1" true true false 19 Double 0 0 ,First,#,NICOBAR DISTRICT_dgn_Annotation,QrotX,-1,-1;QrotY_1 "QrotY_1" true true false 19 Double 0 0 ,First,#,NICOBAR DISTRICT_dgn_Annotation,QrotY,-1,-1;QrotZ_1 "QrotZ_1" true true false 19 Double 0 0 ,First,#,NICOBAR DISTRICT_dgn_Annotation,QrotZ,-1,-1;DocName_1 "DocName_1" true true false 254 Text 0 0 ,First,#,NICOBAR DISTRICT_dgn_Annotation,DocName,-1,-1;DocPath_1 "DocPath_1" true true false 254 Text 0 0 ,First,#,NICOBAR DISTRICT_dgn_Annotation,DocPath,-1,-1;DocType_1 "DocType_1" true true false 32 Text 0 0 ,First,#,NICOBAR DISTRICT_dgn_Annotation,DocType,-1,-1;DocVer_1 "DocVer_1" true true false 16 Text 0 0 ,First,#,NICOBAR DISTRICT_dgn_Annotation,DocVer,-1,-1;ScaleX "ScaleX" true true false 19 Double 0 0 ,First,#,NICOBAR DISTRICT_dgn_Annotation,ScaleX,-1,-1;ScaleY "ScaleY" true true false 19 Double 0 0 ,First,#,NICOBAR DISTRICT_dgn_Annotation,ScaleY,-1,-1;ScaleZ "ScaleZ" true true false 19 Double 0 0 ,First,#,NICOBAR DISTRICT_dgn_Annotation,ScaleZ,-1,-1;Style "Style" true true false 254 Text 0 0 ,First,#,NICOBAR DISTRICT_dgn_Annotation,Style,-1,-1;FontID "FontID" true true false 5 Long 0 5 ,First,#,NICOBAR DISTRICT_dgn_Annotation,FontID,-1,-1;Text "Text" true true false 254 Text 0 0 ,First,#,NICOBAR DISTRICT_dgn_Annotation,Text,-1,-1;Height "Height" true true false 19 Double 0 0 ,First,#,NICOBAR DISTRICT_dgn_Annotation,Height,-1,-1;TxtAngle "TxtAngle" true true false 19 Double 0 0 ,First,#,NICOBAR DISTRICT_dgn_Annotation,TxtAngle,-1,-1;TxtWidth "TxtWidth" true true false 19 Double 0 0 ,First,#,NICOBAR DISTRICT_dgn_Annotation,TxtWidth,-1,-1;TxtOblique "TxtOblique" true true false 19 Double 0 0 ,First,#,NICOBAR DISTRICT_dgn_Annotation,TxtOblique,-1,-1;TxtJust "TxtJust" true true false 32 Text 0 0 ,First,#,NICOBAR DISTRICT_dgn_Annotation,TxtJust,-1,-1;VertAlign "VertAlign" true true false 32 Text 0 0 ,First,#,NICOBAR DISTRICT_dgn_Annotation,VertAlign,-1,-1;TxtFont "TxtFont" true true false 254 Text 0 0 ,First,#,NICOBAR DISTRICT_dgn_Annotation,TxtFont,-1,-1;TxtBoxHt "TxtBoxHt" true true false 19 Double 0 0 ,First,#,NICOBAR DISTRICT_dgn_Annotation,TxtBoxHt,-1,-1;TxtBoxWd "TxtBoxWd" true true false 19 Double 0 0 ,First,#,NICOBAR DISTRICT_dgn_Annotation,TxtBoxWd,-1,-1;TxtRefWd "TxtRefWd" true true false 19 Double 0 0 ,First,#,NICOBAR DISTRICT_dgn_Annotation,TxtRefWd,-1,-1;TxtAttach "TxtAttach" true true false 5 Long 0 5 ,First,#,NICOBAR DISTRICT_dgn_Annotation,TxtAttach,-1,-1;TxtDir "TxtDir" true true false 5 Long 0 5 ,First,#,NICOBAR DISTRICT_dgn_Annotation,TxtDir,-1,-1;LnSpace "LnSpace" true true false 5 Long 0 5 ,First,#,NICOBAR DISTRICT_dgn_Annotation,LnSpace,-1,-1;SpaceFct "SpaceFct" true true false 19 Double 0 0 ,First,#,NICOBAR DISTRICT_dgn_Annotation,SpaceFct,-1,-1;TxtMemo "TxtMemo" true true false 254 Text 0 0 ,First,#,NICOBAR DISTRICT_dgn_Annotation,TxtMemo,-1,-1" CONTAINS # #</Process><Process ToolSource="c:\program files (x86)\arcgis\desktop10.4\ArcToolbox\Toolboxes\Data Management Tools.tbx\CalculateField" Date="20181011" Time="154122">CalculateField "NICOBAR DISTRICT_poly_with_anno" TEHSIL "CAMPBELL BAY" VB #</Process><Process ToolSource="c:\program files (x86)\arcgis\desktop10.4\ArcToolbox\Toolboxes\Data Management Tools.tbx\CalculateField" Date="20181011" Time="154157">CalculateField "NICOBAR DISTRICT_poly_with_anno" TEHSIL "NANCOWRY" VB #</Process><Process ToolSource="c:\program files (x86)\arcgis\desktop10.4\ArcToolbox\Toolboxes\Data Management Tools.tbx\CalculateField" Date="20181011" Time="154227">CalculateField "NICOBAR DISTRICT_poly_with_anno" DISTRICT "NICOBAR" VB #</Process><Process ToolSource="c:\program files (x86)\arcgis\desktop10.4\ArcToolbox\Toolboxes\Data Management Tools.tbx\CalculateField" Date="20181011" Time="154242">CalculateField "NICOBAR DISTRICT_poly_with_anno" STATE "ANDAMAN &amp; NICOBAR" VB #</Process><Process ToolSource="c:\program files (x86)\arcgis\desktop10.4\ArcToolbox\Toolboxes\Data Management Tools.tbx\CalculateField" Date="20181011" Time="154258">CalculateField "NICOBAR DISTRICT_poly_with_anno" VILLAGE [TxtMemo] VB #</Process><Process ToolSource="c:\program files (x86)\arcgis\desktop10.4\ArcToolbox\Toolboxes\Data Management Tools.tbx\CalculateField" Date="20181117" Time="132102">CalculateField NICOBAR TEHSIL "NONCOWRY" VB #</Process><Process ToolSource="c:\program files (x86)\arcgis\desktop10.4\ArcToolbox\Toolboxes\Data Management Tools.tbx\CalculateField" Date="20181117" Time="134335">CalculateField NICOBAR STATE "ANDAMAN &amp; NICOBAR" VB #</Process><Process ToolSource="c:\program files (x86)\arcgis\desktop10.4\ArcToolbox\Toolboxes\Data Management Tools.tbx\CalculateField" Date="20181117" Time="134400">CalculateField NICOBAR TEHSIL "NONCOWRY" VB #</Process><Process ToolSource="c:\program files (x86)\arcgis\desktop10.4\ArcToolbox\Toolboxes\Data Management Tools.tbx\CalculateField" Date="20181117" Time="134754">CalculateField NICOBAR TEHSIL "CAMPBELL BAY TALUK" VB #</Process><Process ToolSource="c:\program files (x86)\arcgis\desktop10.4\ArcToolbox\Toolboxes\Data Management Tools.tbx\CalculateField" Date="20181117" Time="134805">CalculateField NICOBAR TEHSIL "CAMPBELL BAY" VB #</Process><Process ToolSource="c:\program files (x86)\arcgis\desktop10.4\ArcToolbox\Toolboxes\Data Management Tools.tbx\CalculateField" Date="20181117" Time="134909">CalculateField NICOBAR DISTRICT "NICOBAR" VB #</Process><Process ToolSource="c:\program files (x86)\arcgis\desktop10.4\ArcToolbox\Toolboxes\Data Management Tools.tbx\CalculateField" Date="20181117" Time="134918">CalculateField NICOBAR DISTRICT "NICOBAR" VB #</Process><Process ToolSource="c:\program files (x86)\arcgis\desktop10.4\ArcToolbox\Toolboxes\Data Management Tools.tbx\CalculateField" Date="20181207" Time="095719">CalculateField VILLAGE STATE "ANDAMAN &amp; NICOBAR" VB #</Process><Process ToolSource="c:\program files (x86)\arcgis\desktop10.5\ArcToolbox\Toolboxes\Conversion Tools.tbx\FeatureClassToFeatureClass" Date="20181217" Time="102830">FeatureClassToFeatureClass F:\INTER_STATE_BDY\India_ADM_Boundary_7_dec2018\Andaman&amp;Nicobar_final.mdb\VILLAGE\VILLAGE F:\INTER_STATE_BDY\India_ADM_Boundary_7_dec2018\ANDAMAN_NICOBAR\ANDAMAN_NICOBAR.gdb\BOUNDARY VILLAGE # "TxtMemo "TxtMemo" true true false 254 Text 0 0 ,First,#,F:\INTER_STATE_BDY\India_ADM_Boundary_7_dec2018\Andaman&amp;Nicobar_final.mdb\VILLAGE\VILLAGE,TxtMemo,-1,-1;VILLAGE "VILLAGE" true true false 50 Text 0 0 ,First,#,F:\INTER_STATE_BDY\India_ADM_Boundary_7_dec2018\Andaman&amp;Nicobar_final.mdb\VILLAGE\VILLAGE,VILLAGE,-1,-1;TEHSIL "TEHSIL" true true false 50 Text 0 0 ,First,#,F:\INTER_STATE_BDY\India_ADM_Boundary_7_dec2018\Andaman&amp;Nicobar_final.mdb\VILLAGE\VILLAGE,TEHSIL,-1,-1;DISTRICT "DISTRICT" true true false 50 Text 0 0 ,First,#,F:\INTER_STATE_BDY\India_ADM_Boundary_7_dec2018\Andaman&amp;Nicobar_final.mdb\VILLAGE\VILLAGE,DISTRICT,-1,-1;STATE "STATE" true true false 50 Text 0 0 ,First,#,F:\INTER_STATE_BDY\India_ADM_Boundary_7_dec2018\Andaman&amp;Nicobar_final.mdb\VILLAGE\VILLAGE,STATE,-1,-1;Shape_Length "Shape_Length" false true true 8 Double 0 0 ,First,#,F:\INTER_STATE_BDY\India_ADM_Boundary_7_dec2018\Andaman&amp;Nicobar_final.mdb\VILLAGE\VILLAGE,Shape_Length,-1,-1;Shape_Area "Shape_Area" false true true 8 Double 0 0 ,First,#,F:\INTER_STATE_BDY\India_ADM_Boundary_7_dec2018\Andaman&amp;Nicobar_final.mdb\VILLAGE\VILLAGE,Shape_Area,-1,-1" #</Process></lineage><copyHistory><copy source="F:\INDIA_ADM_BOUNDARY\VILLAGE_TNPANI\ANDAMAN_NICOBAR_SHP\LCC_FINAL\NICOBAR" dest="\\SGO506\F\INDIA_ADM_BOUNDARY\FINAL\AN_VILLAGE\NICOBAR" date="20181119" time="12230400"></copy></copyHistory></DataProperties><SyncDate>20181217</SyncDate><SyncTime>10282900</SyncTime><ModDate>20181217</ModDate><ModTime>10282900</ModTime></Esri><dataIdInfo><envirDesc Sync="TRUE"> Version 6.2 (Build 9200) ; Esri ArcGIS 10.5.1.7333</envirDesc><dataLang><languageCode value="eng" Sync="TRUE"></languageCode><countryCode value="IND" Sync="TRUE"></countryCode></dataLang><idCitation><resTitle Sync="TRUE">VILLAGE</resTitle><presForm><PresFormCd value="005" Sync="TRUE"></PresFormCd></presForm></idCitation><spatRpType><SpatRepTypCd value="001" Sync="TRUE"></SpatRepTypCd></spatRpType></dataIdInfo><mdLang><languageCode value="eng" Sync="TRUE"></languageCode><countryCode value="IND" Sync="TRUE"></countryCode></mdLang><mdChar><CharSetCd value="004" Sync="TRUE"></CharSetCd></mdChar><distInfo><distFormat><formatName Sync="TRUE">File Geodatabase Feature Class</formatName></distFormat><distTranOps><transSize Sync="TRUE">0.000</transSize></distTranOps></distInfo><mdHrLv><ScopeCd value="005" Sync="TRUE"></ScopeCd></mdHrLv><mdHrLvName Sync="TRUE">dataset</mdHrLvName><refSysInfo><RefSystem><refSysID><identCode code="0" Sync="TRUE"></identCode><idCodeSpace Sync="TRUE">EPSG</idCodeSpace><idVersion Sync="TRUE">6.11.1(3.0.1)</idVersion></refSysID></RefSystem></refSysInfo><spatRepInfo><VectSpatRep><geometObjs Name="VILLAGE"><geoObjTyp><GeoObjTypCd value="002" Sync="TRUE"></GeoObjTypCd></geoObjTyp><geoObjCnt Sync="TRUE">0</geoObjCnt></geometObjs><topLvl><TopoLevCd value="001" Sync="TRUE"></TopoLevCd></topLvl></VectSpatRep></spatRepInfo><spdoinfo><ptvctinf><esriterm Name="VILLAGE"><efeatyp Sync="TRUE">Simple</efeatyp><efeageom code="4" Sync="TRUE"></efeageom><esritopo Sync="TRUE">FALSE</esritopo><efeacnt Sync="TRUE">0</efeacnt><spindex Sync="TRUE">TRUE</spindex><linrefer Sync="TRUE">FALSE</linrefer></esriterm></ptvctinf></spdoinfo><eainfo><detailed Name="VILLAGE"><enttyp><enttypl Sync="TRUE">VILLAGE</enttypl><enttypt Sync="TRUE">Feature Class</enttypt><enttypc Sync="TRUE">0</enttypc></enttyp><attr><attrlabl Sync="TRUE">OBJECTID</attrlabl><attalias Sync="TRUE">OBJECTID</attalias><attrtype Sync="TRUE">OID</attrtype><attwidth Sync="TRUE">4</attwidth><atprecis Sync="TRUE">0</atprecis><attscale Sync="TRUE">0</attscale><attrdef Sync="TRUE">Internal feature number.</attrdef><attrdefs Sync="TRUE">Esri</attrdefs><attrdomv><udom Sync="TRUE">Sequential unique whole numbers that are automatically generated.</udom></attrdomv></attr><attr><attrlabl Sync="TRUE">Shape</attrlabl><attalias Sync="TRUE">Shape</attalias><attrtype Sync="TRUE">Geometry</attrtype><attwidth Sync="TRUE">0</attwidth><atprecis Sync="TRUE">0</atprecis><attscale Sync="TRUE">0</attscale><attrdef Sync="TRUE">Feature geometry.</attrdef><attrdefs Sync="TRUE">Esri</attrdefs><attrdomv><udom Sync="TRUE">Coordinates defining the features.</udom></attrdomv></attr><attr><attrlabl Sync="TRUE">TxtMemo</attrlabl><attalias Sync="TRUE">TxtMemo</attalias><attrtype Sync="TRUE">String</attrtype><attwidth Sync="TRUE">254</attwidth><atprecis Sync="TRUE">0</atprecis><attscale Sync="TRUE">0</attscale></attr><attr><attrlabl Sync="TRUE">VILLAGE</attrlabl><attalias Sync="TRUE">VILLAGE</attalias><attrtype Sync="TRUE">String</attrtype><attwidth Sync="TRUE">50</attwidth><atprecis Sync="TRUE">0</atprecis><attscale Sync="TRUE">0</attscale></attr><attr><attrlabl Sync="TRUE">TEHSIL</attrlabl><attalias Sync="TRUE">TEHSIL</attalias><attrtype Sync="TRUE">String</attrtype><attwidth Sync="TRUE">50</attwidth><atprecis Sync="TRUE">0</atprecis><attscale Sync="TRUE">0</attscale></attr><attr><attrlabl Sync="TRUE">DISTRICT</attrlabl><attalias Sync="TRUE">DISTRICT</attalias><attrtype Sync="TRUE">String</attrtype><attwidth Sync="TRUE">50</attwidth><atprecis Sync="TRUE">0</atprecis><attscale Sync="TRUE">0</attscale></attr><attr><attrlabl Sync="TRUE">STATE</attrlabl><attalias Sync="TRUE">STATE</attalias><attrtype Sync="TRUE">String</attrtype><attwidth Sync="TRUE">50</attwidth><atprecis Sync="TRUE">0</atprecis><attscale Sync="TRUE">0</attscale></attr><attr><attrlabl Sync="TRUE">Shape_Length</attrlabl><attalias Sync="TRUE">Shape_Length</attalias><attrtype Sync="TRUE">Double</attrtype><attwidth Sync="TRUE">8</attwidth><atprecis Sync="TRUE">0</atprecis><attscale Sync="TRUE">0</attscale><attrdef Sync="TRUE">Length of feature in internal units.</attrdef><attrdefs Sync="TRUE">Esri</attrdefs><attrdomv><udom Sync="TRUE">Positive real numbers that are automatically generated.</udom></attrdomv></attr><attr><attrlabl Sync="TRUE">Shape_Area</attrlabl><attalias Sync="TRUE">Shape_Area</attalias><attrtype Sync="TRUE">Double</attrtype><attwidth Sync="TRUE">8</attwidth><atprecis Sync="TRUE">0</atprecis><attscale Sync="TRUE">0</attscale><attrdef Sync="TRUE">Area of feature in internal units squared.</attrdef><attrdefs Sync="TRUE">Esri</attrdefs><attrdomv><udom Sync="TRUE">Positive real numbers that are automatically generated.</udom></attrdomv></attr></detailed></eainfo><mdDateSt Sync="TRUE">20181217</mdDateSt></metadata>
