<?xml version="1.0" encoding="UTF-8"?>
<metadata xml:lang="en"><Esri><CreaDate>20210603</CreaDate><CreaTime>10444100</CreaTime><ArcGISFormat>1.0</ArcGISFormat><SyncOnce>FALSE</SyncOnce><DataProperties><itemProps><itemName Sync="TRUE">VILLAGE</itemName><imsContentType Sync="TRUE">002</imsContentType><itemSize Sync="TRUE">0.000</itemSize><itemLocation><linkage Sync="TRUE">file://\\SGO507\D$\INDIA_ADM_BOUNDARY\Final_ABDB_21aug20\Punjab.gdb</linkage><protocol Sync="TRUE">Local Area Network</protocol></itemLocation></itemProps><coordRef><type Sync="TRUE">Projected</type><geogcsn Sync="TRUE">GCS_WGS_1984</geogcsn><csUnits Sync="TRUE">Linear Unit: Meter (1.000000)</csUnits><projcsn Sync="TRUE">LCC_WGS84</projcsn><peXml Sync="TRUE">&lt;ProjectedCoordinateSystem xsi:type='typens:ProjectedCoordinateSystem' xmlns:xsi='http://www.w3.org/2001/XMLSchema-instance' xmlns:xs='http://www.w3.org/2001/XMLSchema' xmlns:typens='http://www.esri.com/schemas/ArcGIS/10.4'&gt;&lt;WKT&gt;PROJCS[&amp;quot;LCC_WGS84&amp;quot;,GEOGCS[&amp;quot;GCS_WGS_1984&amp;quot;,DATUM[&amp;quot;D_WGS_1984&amp;quot;,SPHEROID[&amp;quot;WGS_1984&amp;quot;,6378137.0,298.257223563]],PRIMEM[&amp;quot;Greenwich&amp;quot;,0.0],UNIT[&amp;quot;Degree&amp;quot;,0.0174532925199433]],PROJECTION[&amp;quot;Lambert_Conformal_Conic&amp;quot;],PARAMETER[&amp;quot;False_Easting&amp;quot;,4000000.0],PARAMETER[&amp;quot;False_Northing&amp;quot;,4000000.0],PARAMETER[&amp;quot;Central_Meridian&amp;quot;,80.0],PARAMETER[&amp;quot;Standard_Parallel_1&amp;quot;,12.4729444444],PARAMETER[&amp;quot;Standard_Parallel_2&amp;quot;,35.1728055555],PARAMETER[&amp;quot;Scale_Factor&amp;quot;,1.0],PARAMETER[&amp;quot;Latitude_Of_Origin&amp;quot;,24.0],UNIT[&amp;quot;Meter&amp;quot;,1.0]]&lt;/WKT&gt;&lt;XOrigin&gt;-35091300&lt;/XOrigin&gt;&lt;YOrigin&gt;-22777300&lt;/YOrigin&gt;&lt;XYScale&gt;10000&lt;/XYScale&gt;&lt;ZOrigin&gt;-100000&lt;/ZOrigin&gt;&lt;ZScale&gt;10000&lt;/ZScale&gt;&lt;MOrigin&gt;-100000&lt;/MOrigin&gt;&lt;MScale&gt;10000&lt;/MScale&gt;&lt;XYTolerance&gt;0.001&lt;/XYTolerance&gt;&lt;ZTolerance&gt;0.001&lt;/ZTolerance&gt;&lt;MTolerance&gt;0.001&lt;/MTolerance&gt;&lt;HighPrecision&gt;true&lt;/HighPrecision&gt;&lt;/ProjectedCoordinateSystem&gt;</peXml></coordRef><lineage><Process ToolSource="c:\program files (x86)\arcgis\desktop10.4\ArcToolbox\Toolboxes\Data Management Tools.tbx\CalculateField" Date="20190827" Time="105457">CalculateField kargil VILLAGE_SO [TxtMemo] VB #</Process><Process ToolSource="c:\program files (x86)\arcgis\desktop10.4\ArcToolbox\Toolboxes\Analysis Tools.tbx\SpatialJoin" Date="20190827" Time="110019">SpatialJoin kargil anno_kargil "F:\INDIA_ADM_BOUNDARY\VILLAGE BOUNDARY_J&amp;K\Spatial_join\Kargil\kargil1.shp" JOIN_ONE_TO_ONE KEEP_ALL "Join_Count "Join_Count" true true false 10 Long 0 10 ,First,#,kargil,Join_Count,-1,-1;TARGET_FID "TARGET_FID" true true false 10 Long 0 10 ,First,#,kargil,TARGET_FID,-1,-1;Id "Id" true true false 10 Long 0 10 ,First,#,kargil,Id,-1,-1;Entity "Entity" true true false 16 Text 0 0 ,First,#,kargil,Entity,-1,-1;Handle "Handle" true true false 16 Text 0 0 ,First,#,kargil,Handle,-1,-1;Level "Level" true true false 10 Long 0 10 ,First,#,kargil,Level,-1,-1;Layer "Layer" true true false 254 Text 0 0 ,First,#,kargil,Layer,-1,-1;LvlDesc "LvlDesc" true true false 254 Text 0 0 ,First,#,kargil,LvlDesc,-1,-1;LyrFrzn "LyrFrzn" true true false 10 Long 0 10 ,First,#,kargil,LyrFrzn,-1,-1;LyrLock "LyrLock" true true false 10 Long 0 10 ,First,#,kargil,LyrLock,-1,-1;LyrOn "LyrOn" true true false 10 Long 0 10 ,First,#,kargil,LyrOn,-1,-1;LvlPlot "LvlPlot" true true false 10 Long 0 10 ,First,#,kargil,LvlPlot,-1,-1;Color "Color" true true false 10 Long 0 10 ,First,#,kargil,Color,-1,-1;EntColor "EntColor" true true false 10 Long 0 10 ,First,#,kargil,EntColor,-1,-1;LyrColor "LyrColor" true true false 10 Long 0 10 ,First,#,kargil,LyrColor,-1,-1;Linetype "Linetype" true true false 254 Text 0 0 ,First,#,kargil,Linetype,-1,-1;EntLinetyp "EntLinetyp" true true false 254 Text 0 0 ,First,#,kargil,EntLinetyp,-1,-1;LyrLnType "LyrLnType" true true false 254 Text 0 0 ,First,#,kargil,LyrLnType,-1,-1;Elevation "Elevation" true true false 19 Double 0 0 ,First,#,kargil,Elevation,-1,-1;Class "Class" true true false 24 Text 0 0 ,First,#,kargil,Class,-1,-1;GGroup "GGroup" true true false 10 Long 0 10 ,First,#,kargil,GGroup,-1,-1;CadModel "CadModel" true true false 254 Text 0 0 ,First,#,kargil,CadModel,-1,-1;Fill "Fill" true true false 10 Long 0 10 ,First,#,kargil,Fill,-1,-1;LineWt "LineWt" true true false 10 Long 0 10 ,First,#,kargil,LineWt,-1,-1;EntLineWt "EntLineWt" true true false 10 Long 0 10 ,First,#,kargil,EntLineWt,-1,-1;LyrLineWt "LyrLineWt" true true false 10 Long 0 10 ,First,#,kargil,LyrLineWt,-1,-1;RefName "RefName" true true false 254 Text 0 0 ,First,#,kargil,RefName,-1,-1;LTScale "LTScale" true true false 19 Double 0 0 ,First,#,kargil,LTScale,-1,-1;QrotW "QrotW" true true false 19 Double 0 0 ,First,#,kargil,QrotW,-1,-1;QrotX "QrotX" true true false 19 Double 0 0 ,First,#,kargil,QrotX,-1,-1;QrotY "QrotY" true true false 19 Double 0 0 ,First,#,kargil,QrotY,-1,-1;QrotZ "QrotZ" true true false 19 Double 0 0 ,First,#,kargil,QrotZ,-1,-1;DocName "DocName" true true false 254 Text 0 0 ,First,#,kargil,DocName,-1,-1;DocPath "DocPath" true true false 254 Text 0 0 ,First,#,kargil,DocPath,-1,-1;DocType "DocType" true true false 32 Text 0 0 ,First,#,kargil,DocType,-1,-1;DocVer "DocVer" true true false 16 Text 0 0 ,First,#,kargil,DocVer,-1,-1;ScaleX "ScaleX" true true false 19 Double 0 0 ,First,#,kargil,ScaleX,-1,-1;ScaleY "ScaleY" true true false 19 Double 0 0 ,First,#,kargil,ScaleY,-1,-1;ScaleZ "ScaleZ" true true false 19 Double 0 0 ,First,#,kargil,ScaleZ,-1,-1;Style "Style" true true false 254 Text 0 0 ,First,#,kargil,Style,-1,-1;FontID "FontID" true true false 10 Long 0 10 ,First,#,kargil,FontID,-1,-1;Text "Text" true true false 254 Text 0 0 ,First,#,kargil,Text,-1,-1;Height "Height" true true false 19 Double 0 0 ,First,#,kargil,Height,-1,-1;TxtAngle "TxtAngle" true true false 19 Double 0 0 ,First,#,kargil,TxtAngle,-1,-1;TxtWidth "TxtWidth" true true false 19 Double 0 0 ,First,#,kargil,TxtWidth,-1,-1;TxtOblique "TxtOblique" true true false 19 Double 0 0 ,First,#,kargil,TxtOblique,-1,-1;TxtJust "TxtJust" true true false 32 Text 0 0 ,First,#,kargil,TxtJust,-1,-1;VertAlign "VertAlign" true true false 32 Text 0 0 ,First,#,kargil,VertAlign,-1,-1;TxtFont "TxtFont" true true false 254 Text 0 0 ,First,#,kargil,TxtFont,-1,-1;TxtBoxHt "TxtBoxHt" true true false 19 Double 0 0 ,First,#,kargil,TxtBoxHt,-1,-1;TxtBoxWd "TxtBoxWd" true true false 19 Double 0 0 ,First,#,kargil,TxtBoxWd,-1,-1;TxtRefWd "TxtRefWd" true true false 19 Double 0 0 ,First,#,kargil,TxtRefWd,-1,-1;TxtAttach "TxtAttach" true true false 10 Long 0 10 ,First,#,kargil,TxtAttach,-1,-1;TxtDir "TxtDir" true true false 10 Long 0 10 ,First,#,kargil,TxtDir,-1,-1;LnSpace "LnSpace" true true false 10 Long 0 10 ,First,#,kargil,LnSpace,-1,-1;SpaceFct "SpaceFct" true true false 19 Double 0 0 ,First,#,kargil,SpaceFct,-1,-1;TxtMemo "TxtMemo" true true false 254 Text 0 0 ,First,#,kargil,TxtMemo,-1,-1;VILLAGE_SO "VILLAGE_SO" true true false 50 Text 0 0 ,First,#,kargil,VILLAGE_SO,-1,-1;Entity_1 "Entity_1" true true false 16 Text 0 0 ,First,#,anno_kargil,Entity,-1,-1;Handle_1 "Handle_1" true true false 16 Text 0 0 ,First,#,anno_kargil,Handle,-1,-1;Level_1 "Level_1" true true false 10 Long 0 10 ,First,#,anno_kargil,Level,-1,-1;Layer_1 "Layer_1" true true false 254 Text 0 0 ,First,#,anno_kargil,Layer,-1,-1;LvlDesc_1 "LvlDesc_1" true true false 254 Text 0 0 ,First,#,anno_kargil,LvlDesc,-1,-1;LyrFrzn_1 "LyrFrzn_1" true true false 10 Long 0 10 ,First,#,anno_kargil,LyrFrzn,-1,-1;LyrLock_1 "LyrLock_1" true true false 10 Long 0 10 ,First,#,anno_kargil,LyrLock,-1,-1;LyrOn_1 "LyrOn_1" true true false 10 Long 0 10 ,First,#,anno_kargil,LyrOn,-1,-1;LvlPlot_1 "LvlPlot_1" true true false 10 Long 0 10 ,First,#,anno_kargil,LvlPlot,-1,-1;Color_1 "Color_1" true true false 10 Long 0 10 ,First,#,anno_kargil,Color,-1,-1;EntColor_1 "EntColor_1" true true false 10 Long 0 10 ,First,#,anno_kargil,EntColor,-1,-1;LyrColor_1 "LyrColor_1" true true false 10 Long 0 10 ,First,#,anno_kargil,LyrColor,-1,-1;Linetype_1 "Linetype_1" true true false 254 Text 0 0 ,First,#,anno_kargil,Linetype,-1,-1;EntLinetyp_1 "EntLinetyp_1" true true false 254 Text 0 0 ,First,#,anno_kargil,EntLinetyp,-1,-1;LyrLnType_1 "LyrLnType_1" true true false 254 Text 0 0 ,First,#,anno_kargil,LyrLnType,-1,-1;Elevation_1 "Elevation_1" true true false 19 Double 0 0 ,First,#,anno_kargil,Elevation,-1,-1;Class_1 "Class_1" true true false 24 Text 0 0 ,First,#,anno_kargil,Class,-1,-1;GGroup_1 "GGroup_1" true true false 10 Long 0 10 ,First,#,anno_kargil,GGroup,-1,-1;CadModel_1 "CadModel_1" true true false 254 Text 0 0 ,First,#,anno_kargil,CadModel,-1,-1;Fill_1 "Fill_1" true true false 10 Long 0 10 ,First,#,anno_kargil,Fill,-1,-1;LineWt_1 "LineWt_1" true true false 10 Long 0 10 ,First,#,anno_kargil,LineWt,-1,-1;EntLineWt_1 "EntLineWt_1" true true false 10 Long 0 10 ,First,#,anno_kargil,EntLineWt,-1,-1;LyrLineWt_1 "LyrLineWt_1" true true false 10 Long 0 10 ,First,#,anno_kargil,LyrLineWt,-1,-1;RefName_1 "RefName_1" true true false 254 Text 0 0 ,First,#,anno_kargil,RefName,-1,-1;LTScale_1 "LTScale_1" true true false 19 Double 0 0 ,First,#,anno_kargil,LTScale,-1,-1;QrotW_1 "QrotW_1" true true false 19 Double 0 0 ,First,#,anno_kargil,QrotW,-1,-1;QrotX_1 "QrotX_1" true true false 19 Double 0 0 ,First,#,anno_kargil,QrotX,-1,-1;QrotY_1 "QrotY_1" true true false 19 Double 0 0 ,First,#,anno_kargil,QrotY,-1,-1;QrotZ_1 "QrotZ_1" true true false 19 Double 0 0 ,First,#,anno_kargil,QrotZ,-1,-1;DocName_1 "DocName_1" true true false 254 Text 0 0 ,First,#,anno_kargil,DocName,-1,-1;DocPath_1 "DocPath_1" true true false 254 Text 0 0 ,First,#,anno_kargil,DocPath,-1,-1;DocType_1 "DocType_1" true true false 32 Text 0 0 ,First,#,anno_kargil,DocType,-1,-1;DocVer_1 "DocVer_1" true true false 16 Text 0 0 ,First,#,anno_kargil,DocVer,-1,-1;ScaleX_1 "ScaleX_1" true true false 19 Double 0 0 ,First,#,anno_kargil,ScaleX,-1,-1;ScaleY_1 "ScaleY_1" true true false 19 Double 0 0 ,First,#,anno_kargil,ScaleY,-1,-1;ScaleZ_1 "ScaleZ_1" true true false 19 Double 0 0 ,First,#,anno_kargil,ScaleZ,-1,-1;Style_1 "Style_1" true true false 254 Text 0 0 ,First,#,anno_kargil,Style,-1,-1;FontID_1 "FontID_1" true true false 10 Long 0 10 ,First,#,anno_kargil,FontID,-1,-1;Text_1 "Text_1" true true false 254 Text 0 0 ,First,#,anno_kargil,Text,-1,-1;Height_1 "Height_1" true true false 19 Double 0 0 ,First,#,anno_kargil,Height,-1,-1;TxtAngle_1 "TxtAngle_1" true true false 19 Double 0 0 ,First,#,anno_kargil,TxtAngle,-1,-1;TxtWidth_1 "TxtWidth_1" true true false 19 Double 0 0 ,First,#,anno_kargil,TxtWidth,-1,-1;TxtOblique_1 "TxtOblique_1" true true false 19 Double 0 0 ,First,#,anno_kargil,TxtOblique,-1,-1;TxtJust_1 "TxtJust_1" true true false 32 Text 0 0 ,First,#,anno_kargil,TxtJust,-1,-1;VertAlign_1 "VertAlign_1" true true false 32 Text 0 0 ,First,#,anno_kargil,VertAlign,-1,-1;TxtFont_1 "TxtFont_1" true true false 254 Text 0 0 ,First,#,anno_kargil,TxtFont,-1,-1;TxtBoxHt_1 "TxtBoxHt_1" true true false 19 Double 0 0 ,First,#,anno_kargil,TxtBoxHt,-1,-1;TxtBoxWd_1 "TxtBoxWd_1" true true false 19 Double 0 0 ,First,#,anno_kargil,TxtBoxWd,-1,-1;TxtRefWd_1 "TxtRefWd_1" true true false 19 Double 0 0 ,First,#,anno_kargil,TxtRefWd,-1,-1;TxtAttach_1 "TxtAttach_1" true true false 10 Long 0 10 ,First,#,anno_kargil,TxtAttach,-1,-1;TxtDir_1 "TxtDir_1" true true false 10 Long 0 10 ,First,#,anno_kargil,TxtDir,-1,-1;LnSpace_1 "LnSpace_1" true true false 10 Long 0 10 ,First,#,anno_kargil,LnSpace,-1,-1;SpaceFct_1 "SpaceFct_1" true true false 19 Double 0 0 ,First,#,anno_kargil,SpaceFct,-1,-1;TxtMemo_1 "TxtMemo_1" true true false 254 Text 0 0 ,First,#,anno_kargil,TxtMemo,-1,-1" INTERSECT # #</Process><Process ToolSource="c:\program files (x86)\arcgis\desktop10.4\ArcToolbox\Toolboxes\Data Management Tools.tbx\CalculateField" Date="20190902" Time="161046">CalculateField MERGE_J_K_vill District "Doda" VB #</Process><Process ToolSource="c:\program files (x86)\arcgis\desktop10.4\ArcToolbox\Toolboxes\Data Management Tools.tbx\CalculateField" Date="20190902" Time="161148">CalculateField MERGE_J_K_vill District "Jammu" VB #</Process><Process ToolSource="c:\program files (x86)\arcgis\desktop10.4\ArcToolbox\Toolboxes\Data Management Tools.tbx\CalculateField" Date="20190902" Time="161252">CalculateField MERGE_J_K_vill District "Kathua" VB #</Process><Process ToolSource="c:\program files (x86)\arcgis\desktop10.4\ArcToolbox\Toolboxes\Data Management Tools.tbx\CalculateField" Date="20190902" Time="161326">CalculateField MERGE_J_K_vill District "Kishtwar" VB #</Process><Process ToolSource="c:\program files (x86)\arcgis\desktop10.4\ArcToolbox\Toolboxes\Data Management Tools.tbx\CalculateField" Date="20190902" Time="161402">CalculateField MERGE_J_K_vill District "Punch" VB #</Process><Process ToolSource="c:\program files (x86)\arcgis\desktop10.4\ArcToolbox\Toolboxes\Data Management Tools.tbx\CalculateField" Date="20190902" Time="161444">CalculateField MERGE_J_K_vill District "Rajauri" VB #</Process><Process ToolSource="c:\program files (x86)\arcgis\desktop10.4\ArcToolbox\Toolboxes\Data Management Tools.tbx\CalculateField" Date="20190902" Time="161519">CalculateField MERGE_J_K_vill District "Ramban" VB #</Process><Process ToolSource="c:\program files (x86)\arcgis\desktop10.4\ArcToolbox\Toolboxes\Data Management Tools.tbx\CalculateField" Date="20190902" Time="161559">CalculateField MERGE_J_K_vill District "Reasi" VB #</Process><Process ToolSource="c:\program files (x86)\arcgis\desktop10.4\ArcToolbox\Toolboxes\Data Management Tools.tbx\CalculateField" Date="20190902" Time="161657">CalculateField MERGE_J_K_vill District "Samba" VB #</Process><Process ToolSource="c:\program files (x86)\arcgis\desktop10.4\ArcToolbox\Toolboxes\Data Management Tools.tbx\CalculateField" Date="20190902" Time="161748">CalculateField MERGE_J_K_vill District "Udhampur" VB #</Process><Process ToolSource="c:\program files (x86)\arcgis\desktop10.4\ArcToolbox\Toolboxes\Data Management Tools.tbx\CalculateField" Date="20190902" Time="162231">CalculateField MERGE_J_K_vill District "Anantnag" VB #</Process><Process ToolSource="c:\program files (x86)\arcgis\desktop10.4\ArcToolbox\Toolboxes\Data Management Tools.tbx\CalculateField" Date="20190902" Time="162300">CalculateField MERGE_J_K_vill District "Badgam" VB #</Process><Process ToolSource="c:\program files (x86)\arcgis\desktop10.4\ArcToolbox\Toolboxes\Data Management Tools.tbx\CalculateField" Date="20190902" Time="162328">CalculateField MERGE_J_K_vill District "Bandipura" VB #</Process><Process ToolSource="c:\program files (x86)\arcgis\desktop10.4\ArcToolbox\Toolboxes\Data Management Tools.tbx\CalculateField" Date="20190902" Time="162437">CalculateField MERGE_J_K_vill District "Baramulla" VB #</Process><Process ToolSource="c:\program files (x86)\arcgis\desktop10.4\ArcToolbox\Toolboxes\Data Management Tools.tbx\CalculateField" Date="20190902" Time="162505">CalculateField MERGE_J_K_vill District "Ganderbal" VB #</Process><Process ToolSource="c:\program files (x86)\arcgis\desktop10.4\ArcToolbox\Toolboxes\Data Management Tools.tbx\CalculateField" Date="20190902" Time="162539">CalculateField MERGE_J_K_vill District "Kargil" VB #</Process><Process ToolSource="c:\program files (x86)\arcgis\desktop10.4\ArcToolbox\Toolboxes\Data Management Tools.tbx\CalculateField" Date="20190902" Time="162623">CalculateField MERGE_J_K_vill District "Kulgam" VB #</Process><Process ToolSource="c:\program files (x86)\arcgis\desktop10.4\ArcToolbox\Toolboxes\Data Management Tools.tbx\CalculateField" Date="20190902" Time="162657">CalculateField MERGE_J_K_vill District "Kupwara" VB #</Process><Process ToolSource="c:\program files (x86)\arcgis\desktop10.4\ArcToolbox\Toolboxes\Data Management Tools.tbx\CalculateField" Date="20190902" Time="162730">CalculateField MERGE_J_K_vill District "Pulwama" VB #</Process><Process ToolSource="c:\program files (x86)\arcgis\desktop10.4\ArcToolbox\Toolboxes\Data Management Tools.tbx\CalculateField" Date="20190902" Time="162807">CalculateField MERGE_J_K_vill District "Shupiyan" VB #</Process><Process ToolSource="c:\program files (x86)\arcgis\desktop10.4\ArcToolbox\Toolboxes\Data Management Tools.tbx\CalculateField" Date="20190902" Time="162844">CalculateField MERGE_J_K_vill District "Srinagar" VB #</Process><Process ToolSource="c:\program files (x86)\arcgis\desktop10.4\ArcToolbox\Toolboxes\Data Management Tools.tbx\CalculateField" Date="20190902" Time="163046">CalculateField MERGE_J_K_vill District "Udhampur" VB #</Process><Process ToolSource="c:\program files (x86)\arcgis\desktop10.4\ArcToolbox\Toolboxes\Data Management Tools.tbx\CalculateField" Date="20190902" Time="163126">CalculateField MERGE_J_K_vill District "Samba" VB #</Process><Process ToolSource="c:\program files (x86)\arcgis\desktop10.4\ArcToolbox\Toolboxes\Data Management Tools.tbx\CalculateField" Date="20190902" Time="163152">CalculateField MERGE_J_K_vill District "Reasi" VB #</Process><Process ToolSource="c:\program files (x86)\arcgis\desktop10.4\ArcToolbox\Toolboxes\Data Management Tools.tbx\CalculateField" Date="20190902" Time="163308">CalculateField MERGE_J_K_vill District "Kathua" VB #</Process><Process ToolSource="c:\program files (x86)\arcgis\desktop10.4\ArcToolbox\Toolboxes\Data Management Tools.tbx\CalculateField" Date="20190902" Time="163342">CalculateField MERGE_J_K_vill District "Jammu" VB #</Process><Process ToolSource="c:\program files (x86)\arcgis\desktop10.4\ArcToolbox\Toolboxes\Data Management Tools.tbx\CalculateField" Date="20190903" Time="105047">CalculateField MERGE_J_K_vill STATE "Jammu &amp; Kashmir" VB #</Process><Process ToolSource="c:\program files (x86)\arcgis\desktop10.4\ArcToolbox\Toolboxes\Data Management Tools.tbx\CalculateField" Date="20190903" Time="122839">CalculateField MERGE_J_K_vill TEHSIL "Kashtigarh" VB #</Process><Process ToolSource="c:\program files (x86)\arcgis\desktop10.4\ArcToolbox\Toolboxes\Data Management Tools.tbx\CalculateField" Date="20190903" Time="122940">CalculateField MERGE_J_K_vill TEHSIL "Arnia" VB #</Process><Process ToolSource="c:\program files (x86)\arcgis\desktop10.4\ArcToolbox\Toolboxes\Data Management Tools.tbx\CalculateField" Date="20190903" Time="123733">CalculateField MERGE_J_K_vill TEHSIL "Assar" VB #</Process><Process ToolSource="c:\program files (x86)\arcgis\desktop10.4\ArcToolbox\Toolboxes\Data Management Tools.tbx\CalculateField" Date="20190903" Time="124216">CalculateField MERGE_J_K_vill TEHSIL "Bhadarwah" VB #</Process><Process ToolSource="c:\program files (x86)\arcgis\desktop10.4\ArcToolbox\Toolboxes\Data Management Tools.tbx\CalculateField" Date="20190903" Time="141825">CalculateField MERGE_J_K_vill TEHSIL "Bhalla" VB #</Process><Process ToolSource="c:\program files (x86)\arcgis\desktop10.4\ArcToolbox\Toolboxes\Data Management Tools.tbx\CalculateField" Date="20190903" Time="142001">CalculateField MERGE_J_K_vill TEHSIL "Bhagwa" VB #</Process><Process ToolSource="c:\program files (x86)\arcgis\desktop10.4\ArcToolbox\Toolboxes\Data Management Tools.tbx\CalculateField" Date="20190903" Time="155943">CalculateField MERGE_J_K_vill TEHSIL "Bharath Bagla" VB #</Process><Process ToolSource="c:\program files (x86)\arcgis\desktop10.4\ArcToolbox\Toolboxes\Data Management Tools.tbx\CalculateField" Date="20190903" Time="160127">CalculateField MERGE_J_K_vill TEHSIL "Chilli Pangal" VB #</Process><Process ToolSource="c:\program files (x86)\arcgis\desktop10.4\ArcToolbox\Toolboxes\Data Management Tools.tbx\CalculateField" Date="20190903" Time="160208">CalculateField MERGE_J_K_vill TEHSIL "Chirala" VB #</Process><Process ToolSource="c:\program files (x86)\arcgis\desktop10.4\ArcToolbox\Toolboxes\Data Management Tools.tbx\CalculateField" Date="20190903" Time="160217">CalculateField MERGE_J_K_vill TEHSIL "Chiralla" VB #</Process><Process ToolSource="c:\program files (x86)\arcgis\desktop10.4\ArcToolbox\Toolboxes\Data Management Tools.tbx\CalculateField" Date="20190903" Time="160300">CalculateField MERGE_J_K_vill TEHSIL "Doda" VB #</Process><Process ToolSource="c:\program files (x86)\arcgis\desktop10.4\ArcToolbox\Toolboxes\Data Management Tools.tbx\CalculateField" Date="20190903" Time="160449">CalculateField MERGE_J_K_vill TEHSIL "Gandoh" VB #</Process><Process ToolSource="c:\program files (x86)\arcgis\desktop10.4\ArcToolbox\Toolboxes\Data Management Tools.tbx\CalculateField" Date="20190903" Time="160552">CalculateField MERGE_J_K_vill TEHSIL "Gundna" VB #</Process><Process ToolSource="c:\program files (x86)\arcgis\desktop10.4\ArcToolbox\Toolboxes\Data Management Tools.tbx\CalculateField" Date="20190903" Time="160718">CalculateField MERGE_J_K_vill TEHSIL "Kahra" VB #</Process><Process ToolSource="c:\program files (x86)\arcgis\desktop10.4\ArcToolbox\Toolboxes\Data Management Tools.tbx\CalculateField" Date="20190903" Time="160800">CalculateField MERGE_J_K_vill TEHSIL "Marmat" VB #</Process><Process ToolSource="c:\program files (x86)\arcgis\desktop10.4\ArcToolbox\Toolboxes\Data Management Tools.tbx\CalculateField" Date="20190903" Time="160902">CalculateField MERGE_J_K_vill TEHSIL "Mohalla" VB #</Process><Process ToolSource="c:\program files (x86)\arcgis\desktop10.4\ArcToolbox\Toolboxes\Data Management Tools.tbx\CalculateField" Date="20190903" Time="161015">CalculateField MERGE_J_K_vill TEHSIL "Phigsoo" VB #</Process><Process ToolSource="c:\program files (x86)\arcgis\desktop10.4\ArcToolbox\Toolboxes\Data Management Tools.tbx\CalculateField" Date="20190903" Time="161142">CalculateField MERGE_J_K_vill TEHSIL "Thathri" VB #</Process><Process ToolSource="c:\program files (x86)\arcgis\desktop10.4\ArcToolbox\Toolboxes\Data Management Tools.tbx\CalculateField" Date="20190903" Time="163144">CalculateField MERGE_J_K_vill TEHSIL "Bahu" VB #</Process><Process ToolSource="c:\program files (x86)\arcgis\desktop10.4\ArcToolbox\Toolboxes\Data Management Tools.tbx\CalculateField" Date="20190903" Time="163630">CalculateField MERGE_J_K_vill TEHSIL "Bhalawal" VB #</Process><Process ToolSource="c:\program files (x86)\arcgis\desktop10.4\ArcToolbox\Toolboxes\Data Management Tools.tbx\CalculateField" Date="20190903" Time="164716">CalculateField MERGE_J_K_vill TEHSIL Bishnah VB #</Process><Process ToolSource="c:\program files (x86)\arcgis\desktop10.4\ArcToolbox\Toolboxes\Data Management Tools.tbx\CalculateField" Date="20190903" Time="164729">CalculateField MERGE_J_K_vill TEHSIL "Bishnah" VB #</Process><Process ToolSource="c:\program files (x86)\arcgis\desktop10.4\ArcToolbox\Toolboxes\Data Management Tools.tbx\CalculateField" Date="20190903" Time="165133">CalculateField MERGE_J_K_vill TEHSIL "Chowki choura" VB #</Process><Process ToolSource="c:\program files (x86)\arcgis\desktop10.4\ArcToolbox\Toolboxes\Data Management Tools.tbx\CalculateField" Date="20190903" Time="165451">CalculateField MERGE_J_K_vill TEHSIL "Dhansal" VB #</Process><Process ToolSource="c:\program files (x86)\arcgis\desktop10.4\ArcToolbox\Toolboxes\Data Management Tools.tbx\CalculateField" Date="20190903" Time="165736">CalculateField MERGE_J_K_vill TEHSIL "Jammu North" VB #</Process><Process ToolSource="c:\program files (x86)\arcgis\desktop10.4\ArcToolbox\Toolboxes\Data Management Tools.tbx\CalculateField" Date="20190903" Time="170206">CalculateField MERGE_J_K_vill TEHSIL "Jammu west" VB #</Process><Process ToolSource="c:\program files (x86)\arcgis\desktop10.4\ArcToolbox\Toolboxes\Data Management Tools.tbx\CalculateField" Date="20190903" Time="170421">CalculateField MERGE_J_K_vill TEHSIL "Jammu south" VB #</Process><Process ToolSource="c:\program files (x86)\arcgis\desktop10.4\ArcToolbox\Toolboxes\Data Management Tools.tbx\CalculateField" Date="20190903" Time="171342">CalculateField MERGE_J_K_vill TEHSIL "Jourian" VB #</Process><Process ToolSource="c:\program files (x86)\arcgis\desktop10.4\ArcToolbox\Toolboxes\Data Management Tools.tbx\CalculateField" Date="20190903" Time="171807">CalculateField MERGE_J_K_vill TEHSIL "Kharah Balli" VB #</Process><Process ToolSource="c:\program files (x86)\arcgis\desktop10.4\ArcToolbox\Toolboxes\Data Management Tools.tbx\CalculateField" Date="20190904" Time="090709">CalculateField MERGE_J_K_vill TEHSIL "Khour" VB #</Process><Process ToolSource="c:\program files (x86)\arcgis\desktop10.4\ArcToolbox\Toolboxes\Data Management Tools.tbx\CalculateField" Date="20190904" Time="091205">CalculateField MERGE_J_K_vill TEHSIL "Maira Mandria" VB #</Process><Process ToolSource="c:\program files (x86)\arcgis\desktop10.4\ArcToolbox\Toolboxes\Data Management Tools.tbx\CalculateField" Date="20190904" Time="091743">CalculateField MERGE_J_K_vill TEHSIL "Mandal" VB #</Process><Process ToolSource="c:\program files (x86)\arcgis\desktop10.4\ArcToolbox\Toolboxes\Data Management Tools.tbx\CalculateField" Date="20190904" Time="092513">CalculateField MERGE_J_K_vill TEHSIL "Marh" VB #</Process><Process ToolSource="c:\program files (x86)\arcgis\desktop10.4\ArcToolbox\Toolboxes\Data Management Tools.tbx\CalculateField" Date="20190904" Time="092817">CalculateField MERGE_J_K_vill TEHSIL "Nagrota" VB #</Process><Process ToolSource="c:\program files (x86)\arcgis\desktop10.4\ArcToolbox\Toolboxes\Data Management Tools.tbx\CalculateField" Date="20190904" Time="093312">CalculateField MERGE_J_K_vill TEHSIL "Paragwal" VB #</Process><Process ToolSource="c:\program files (x86)\arcgis\desktop10.4\ArcToolbox\Toolboxes\Data Management Tools.tbx\CalculateField" Date="20190904" Time="093853">CalculateField MERGE_J_K_vill TEHSIL "R S Pura" VB #</Process><Process ToolSource="c:\program files (x86)\arcgis\desktop10.4\ArcToolbox\Toolboxes\Data Management Tools.tbx\CalculateField" Date="20190904" Time="094310">CalculateField MERGE_J_K_vill TEHSIL "Suchatgarh"
 VB #</Process><Process ToolSource="c:\program files (x86)\arcgis\desktop10.4\ArcToolbox\Toolboxes\Data Management Tools.tbx\CalculateField" Date="20190904" Time="094810">CalculateField MERGE_J_K_vill TEHSIL "Akhnoor"
 VB #</Process><Process ToolSource="c:\program files (x86)\arcgis\desktop10.4\ArcToolbox\Toolboxes\Data Management Tools.tbx\CalculateField" Date="20190904" Time="101832">CalculateField MERGE_J_K_vill TEHSIL "Jammu" VB #</Process><Process ToolSource="c:\program files (x86)\arcgis\desktop10.4\ArcToolbox\Toolboxes\Data Management Tools.tbx\CalculateField" Date="20190904" Time="102215">CalculateField MERGE_J_K_vill TEHSIL "Jammu" VB #</Process><Process ToolSource="c:\program files (x86)\arcgis\desktop10.4\ArcToolbox\Toolboxes\Data Management Tools.tbx\CalculateField" Date="20190904" Time="102521">CalculateField MERGE_J_K_vill TEHSIL "Jammu" VB #</Process><Process ToolSource="c:\program files (x86)\arcgis\desktop10.4\ArcToolbox\Toolboxes\Data Management Tools.tbx\CalculateField" Date="20190904" Time="103702">CalculateField MERGE_J_K_vill TEHSIL "Bani" VB #</Process><Process ToolSource="c:\program files (x86)\arcgis\desktop10.4\ArcToolbox\Toolboxes\Data Management Tools.tbx\CalculateField" Date="20190904" Time="103822">CalculateField MERGE_J_K_vill TEHSIL "Basohli" VB #</Process><Process ToolSource="c:\program files (x86)\arcgis\desktop10.4\ArcToolbox\Toolboxes\Data Management Tools.tbx\CalculateField" Date="20190904" Time="104103">CalculateField MERGE_J_K_vill TEHSIL "Billawar" VB #</Process><Process ToolSource="c:\program files (x86)\arcgis\desktop10.4\ArcToolbox\Toolboxes\Data Management Tools.tbx\CalculateField" Date="20190904" Time="104212">CalculateField MERGE_J_K_vill TEHSIL "Dinga amb" VB #</Process><Process ToolSource="c:\program files (x86)\arcgis\desktop10.4\ArcToolbox\Toolboxes\Data Management Tools.tbx\CalculateField" Date="20190904" Time="104827">CalculateField MERGE_J_K_vill TEHSIL "Hira nagar" VB #</Process><Process ToolSource="c:\program files (x86)\arcgis\desktop10.4\ArcToolbox\Toolboxes\Data Management Tools.tbx\CalculateField" Date="20190904" Time="115138">CalculateField MERGE_J_K_vill TEHSIL "Kathua" VB #</Process><Process ToolSource="c:\program files (x86)\arcgis\desktop10.4\ArcToolbox\Toolboxes\Data Management Tools.tbx\CalculateField" Date="20190904" Time="115309">CalculateField MERGE_J_K_vill TEHSIL "Lohai Malhar" VB #</Process><Process ToolSource="c:\program files (x86)\arcgis\desktop10.4\ArcToolbox\Toolboxes\Data Management Tools.tbx\CalculateField" Date="20190904" Time="115452">CalculateField MERGE_J_K_vill TEHSIL "Mahanpur" VB #</Process><Process ToolSource="c:\program files (x86)\arcgis\desktop10.4\ArcToolbox\Toolboxes\Data Management Tools.tbx\CalculateField" Date="20190904" Time="120212">CalculateField MERGE_J_K_vill TEHSIL "Marheen" VB #</Process><Process ToolSource="c:\program files (x86)\arcgis\desktop10.4\ArcToolbox\Toolboxes\Data Management Tools.tbx\CalculateField" Date="20190904" Time="120359">CalculateField MERGE_J_K_vill TEHSIL "Nagri Parole" VB #</Process><Process ToolSource="c:\program files (x86)\arcgis\desktop10.4\ArcToolbox\Toolboxes\Data Management Tools.tbx\CalculateField" Date="20190904" Time="120501">CalculateField MERGE_J_K_vill TEHSIL "Ramkot" VB #</Process><Process ToolSource="c:\program files (x86)\arcgis\desktop10.4\ArcToolbox\Toolboxes\Data Management Tools.tbx\CalculateField" Date="20190904" Time="144235">CalculateField MERGE_J_K_vill TEHSIL "Bounjwah" VB #</Process><Process ToolSource="c:\program files (x86)\arcgis\desktop10.4\ArcToolbox\Toolboxes\Data Management Tools.tbx\CalculateField" Date="20190904" Time="144349">CalculateField MERGE_J_K_vill TEHSIL "Chhatroo" VB #</Process><Process ToolSource="c:\program files (x86)\arcgis\desktop10.4\ArcToolbox\Toolboxes\Data Management Tools.tbx\CalculateField" Date="20190904" Time="144624">CalculateField MERGE_J_K_vill TEHSIL "Dachhan" VB #</Process><Process ToolSource="c:\program files (x86)\arcgis\desktop10.4\ArcToolbox\Toolboxes\Data Management Tools.tbx\CalculateField" Date="20190904" Time="145112">CalculateField MERGE_J_K_vill TEHSIL "Drabshala" VB #</Process><Process ToolSource="c:\program files (x86)\arcgis\desktop10.4\ArcToolbox\Toolboxes\Data Management Tools.tbx\CalculateField" Date="20190904" Time="145535">CalculateField MERGE_J_K_vill TEHSIL "Kishtwar" VB #</Process><Process ToolSource="c:\program files (x86)\arcgis\desktop10.4\ArcToolbox\Toolboxes\Data Management Tools.tbx\CalculateField" Date="20190904" Time="145824">CalculateField MERGE_J_K_vill TEHSIL "Machail" VB #</Process><Process ToolSource="c:\program files (x86)\arcgis\desktop10.4\ArcToolbox\Toolboxes\Data Management Tools.tbx\CalculateField" Date="20190904" Time="155441">CalculateField MERGE_J_K_vill TEHSIL "Marwah" VB #</Process><Process ToolSource="c:\program files (x86)\arcgis\desktop10.4\ArcToolbox\Toolboxes\Data Management Tools.tbx\CalculateField" Date="20190904" Time="155544">CalculateField MERGE_J_K_vill TEHSIL "Mughal Maidan" VB #</Process><Process ToolSource="c:\program files (x86)\arcgis\desktop10.4\ArcToolbox\Toolboxes\Data Management Tools.tbx\CalculateField" Date="20190904" Time="155644">CalculateField MERGE_J_K_vill TEHSIL "Nagseni" VB #</Process><Process ToolSource="c:\program files (x86)\arcgis\desktop10.4\ArcToolbox\Toolboxes\Data Management Tools.tbx\CalculateField" Date="20190904" Time="155749">CalculateField MERGE_J_K_vill TEHSIL "Warwan" VB #</Process><Process ToolSource="c:\program files (x86)\arcgis\desktop10.4\ArcToolbox\Toolboxes\Data Management Tools.tbx\CalculateField" Date="20190904" Time="155940">CalculateField MERGE_J_K_vill TEHSIL "Atholi padder" VB #</Process><Process ToolSource="c:\program files (x86)\arcgis\desktop10.4\ArcToolbox\Toolboxes\Data Management Tools.tbx\CalculateField" Date="20190904" Time="161531">CalculateField MERGE_J_K_vill TEHSIL "Haveli" VB #</Process><Process ToolSource="c:\program files (x86)\arcgis\desktop10.4\ArcToolbox\Toolboxes\Data Management Tools.tbx\CalculateField" Date="20190904" Time="161707">CalculateField MERGE_J_K_vill TEHSIL "Mandhar" VB #</Process><Process ToolSource="c:\program files (x86)\arcgis\desktop10.4\ArcToolbox\Toolboxes\Data Management Tools.tbx\CalculateField" Date="20190904" Time="161835">CalculateField MERGE_J_K_vill TEHSIL "Mandi" VB #</Process><Process ToolSource="c:\program files (x86)\arcgis\desktop10.4\ArcToolbox\Toolboxes\Data Management Tools.tbx\CalculateField" Date="20190904" Time="162033">CalculateField MERGE_J_K_vill TEHSIL "Mankot" VB #</Process><Process ToolSource="c:\program files (x86)\arcgis\desktop10.4\ArcToolbox\Toolboxes\Data Management Tools.tbx\CalculateField" Date="20190904" Time="162212">CalculateField MERGE_J_K_vill TEHSIL "Surankot" VB #</Process><Process ToolSource="c:\program files (x86)\arcgis\desktop10.4\ArcToolbox\Toolboxes\Data Management Tools.tbx\CalculateField" Date="20190904" Time="163216">CalculateField MERGE_J_K_vill TEHSIL "Darhal" VB #</Process><Process ToolSource="c:\program files (x86)\arcgis\desktop10.4\ArcToolbox\Toolboxes\Data Management Tools.tbx\CalculateField" Date="20190904" Time="163659">CalculateField MERGE_J_K_vill TEHSIL "Kalakot" VB #</Process><Process ToolSource="c:\program files (x86)\arcgis\desktop10.4\ArcToolbox\Toolboxes\Data Management Tools.tbx\CalculateField" Date="20190904" Time="163917">CalculateField MERGE_J_K_vill TEHSIL "Khawas" VB #</Process><Process ToolSource="c:\program files (x86)\arcgis\desktop10.4\ArcToolbox\Toolboxes\Data Management Tools.tbx\CalculateField" Date="20190904" Time="164100">CalculateField MERGE_J_K_vill TEHSIL "Koteranka" VB #</Process><Process ToolSource="c:\program files (x86)\arcgis\desktop10.4\ArcToolbox\Toolboxes\Data Management Tools.tbx\CalculateField" Date="20190904" Time="164708">CalculateField MERGE_J_K_vill TEHSIL "Nowshera" VB #</Process><Process ToolSource="c:\program files (x86)\arcgis\desktop10.4\ArcToolbox\Toolboxes\Data Management Tools.tbx\CalculateField" Date="20190904" Time="164938">CalculateField MERGE_J_K_vill TEHSIL "Qila Darha" VB #</Process><Process ToolSource="c:\program files (x86)\arcgis\desktop10.4\ArcToolbox\Toolboxes\Data Management Tools.tbx\CalculateField" Date="20190904" Time="165844">CalculateField MERGE_J_K_vill TEHSIL "Rajauri" VB #</Process><Process ToolSource="c:\program files (x86)\arcgis\desktop10.4\ArcToolbox\Toolboxes\Data Management Tools.tbx\CalculateField" Date="20190904" Time="165927">CalculateField MERGE_J_K_vill TEHSIL "Siot" VB #</Process><Process ToolSource="c:\program files (x86)\arcgis\desktop10.4\ArcToolbox\Toolboxes\Data Management Tools.tbx\CalculateField" Date="20190904" Time="170051">CalculateField MERGE_J_K_vill TEHSIL "Sunder Bani" VB #</Process><Process ToolSource="c:\program files (x86)\arcgis\desktop10.4\ArcToolbox\Toolboxes\Data Management Tools.tbx\CalculateField" Date="20190904" Time="170257">CalculateField MERGE_J_K_vill TEHSIL "Taryath" VB #</Process><Process ToolSource="c:\program files (x86)\arcgis\desktop10.4\ArcToolbox\Toolboxes\Data Management Tools.tbx\CalculateField" Date="20190904" Time="170440">CalculateField MERGE_J_K_vill TEHSIL "Manjakote" VB #</Process><Process ToolSource="c:\program files (x86)\arcgis\desktop10.4\ArcToolbox\Toolboxes\Data Management Tools.tbx\CalculateField" Date="20190904" Time="170812">CalculateField MERGE_J_K_vill TEHSIL "Thana mandi" VB #</Process><Process ToolSource="c:\program files (x86)\arcgis\desktop10.4\ArcToolbox\Toolboxes\Data Management Tools.tbx\CalculateField" Date="20190904" Time="171236">CalculateField MERGE_J_K_vill TEHSIL "Beri Pattan" VB #</Process><Process ToolSource="c:\program files (x86)\arcgis\desktop10.4\ArcToolbox\Toolboxes\Data Management Tools.tbx\CalculateField" Date="20190905" Time="090129">CalculateField MERGE_J_K_vill TEHSIL "Batote" VB #</Process><Process ToolSource="c:\program files (x86)\arcgis\desktop10.4\ArcToolbox\Toolboxes\Data Management Tools.tbx\CalculateField" Date="20190905" Time="090258">CalculateField MERGE_J_K_vill TEHSIL "Gool" VB #</Process><Process ToolSource="c:\program files (x86)\arcgis\desktop10.4\ArcToolbox\Toolboxes\Data Management Tools.tbx\CalculateField" Date="20190905" Time="090358">CalculateField MERGE_J_K_vill TEHSIL "Khari" VB #</Process><Process ToolSource="c:\program files (x86)\arcgis\desktop10.4\ArcToolbox\Toolboxes\Data Management Tools.tbx\CalculateField" Date="20190905" Time="090506">CalculateField MERGE_J_K_vill TEHSIL "Pogal Paristan" VB #</Process><Process ToolSource="c:\program files (x86)\arcgis\desktop10.4\ArcToolbox\Toolboxes\Data Management Tools.tbx\CalculateField" Date="20190905" Time="090610">CalculateField MERGE_J_K_vill TEHSIL "Rajgarh" VB #</Process><Process ToolSource="c:\program files (x86)\arcgis\desktop10.4\ArcToolbox\Toolboxes\Data Management Tools.tbx\CalculateField" Date="20190905" Time="090803">CalculateField MERGE_J_K_vill TEHSIL "Ramban" VB #</Process><Process ToolSource="c:\program files (x86)\arcgis\desktop10.4\ArcToolbox\Toolboxes\Data Management Tools.tbx\CalculateField" Date="20190905" Time="091215">CalculateField MERGE_J_K_vill TEHSIL "Banihal" VB #</Process><Process ToolSource="c:\program files (x86)\arcgis\desktop10.4\ArcToolbox\Toolboxes\Data Management Tools.tbx\CalculateField" Date="20190905" Time="091609">CalculateField MERGE_J_K_vill TEHSIL "Thakrakote" VB #</Process><Process ToolSource="c:\program files (x86)\arcgis\desktop10.4\ArcToolbox\Toolboxes\Data Management Tools.tbx\CalculateField" Date="20190905" Time="091721">CalculateField MERGE_J_K_vill TEHSIL "Arn&lt;s" VB #</Process><Process ToolSource="c:\program files (x86)\arcgis\desktop10.4\ArcToolbox\Toolboxes\Data Management Tools.tbx\CalculateField" Date="20190905" Time="091840">CalculateField MERGE_J_K_vill TEHSIL "Bhomag" VB #</Process><Process ToolSource="c:\program files (x86)\arcgis\desktop10.4\ArcToolbox\Toolboxes\Data Management Tools.tbx\CalculateField" Date="20190905" Time="092022">CalculateField MERGE_J_K_vill TEHSIL "Chassana" VB #</Process><Process ToolSource="c:\program files (x86)\arcgis\desktop10.4\ArcToolbox\Toolboxes\Data Management Tools.tbx\CalculateField" Date="20190905" Time="092328">CalculateField MERGE_J_K_vill TEHSIL "Katra" VB #</Process><Process ToolSource="c:\program files (x86)\arcgis\desktop10.4\ArcToolbox\Toolboxes\Data Management Tools.tbx\CalculateField" Date="20190905" Time="092456">CalculateField MERGE_J_K_vill TEHSIL "Mahore" VB #</Process><Process ToolSource="c:\program files (x86)\arcgis\desktop10.4\ArcToolbox\Toolboxes\Data Management Tools.tbx\CalculateField" Date="20190905" Time="092650">CalculateField MERGE_J_K_vill TEHSIL "Pouni" VB #</Process><Process ToolSource="c:\program files (x86)\arcgis\desktop10.4\ArcToolbox\Toolboxes\Data Management Tools.tbx\CalculateField" Date="20190905" Time="092841">CalculateField MERGE_J_K_vill TEHSIL "Reasi" VB #</Process><Process ToolSource="c:\program files (x86)\arcgis\desktop10.4\ArcToolbox\Toolboxes\Data Management Tools.tbx\CalculateField" Date="20190905" Time="092936">CalculateField MERGE_J_K_vill TEHSIL "Thuroo" VB #</Process><Process ToolSource="c:\program files (x86)\arcgis\desktop10.4\ArcToolbox\Toolboxes\Data Management Tools.tbx\CalculateField" Date="20190905" Time="093656">CalculateField MERGE_J_K_vill TEHSIL "Bari Brahamana" VB #</Process><Process ToolSource="c:\program files (x86)\arcgis\desktop10.4\ArcToolbox\Toolboxes\Data Management Tools.tbx\CalculateField" Date="20190905" Time="093949">CalculateField MERGE_J_K_vill TEHSIL "Ramgarh" VB #</Process><Process ToolSource="c:\program files (x86)\arcgis\desktop10.4\ArcToolbox\Toolboxes\Data Management Tools.tbx\CalculateField" Date="20190905" Time="095457">CalculateField MERGE_J_K_vill TEHSIL "Samba" VB #</Process><Process ToolSource="c:\program files (x86)\arcgis\desktop10.4\ArcToolbox\Toolboxes\Data Management Tools.tbx\CalculateField" Date="20190905" Time="100129">CalculateField MERGE_J_K_vill TEHSIL "Vijaypur" VB #</Process><Process ToolSource="c:\program files (x86)\arcgis\desktop10.4\ArcToolbox\Toolboxes\Data Management Tools.tbx\CalculateField" Date="20190905" Time="100427">CalculateField MERGE_J_K_vill TEHSIL "Ghagwal" VB #</Process><Process ToolSource="c:\program files (x86)\arcgis\desktop10.4\ArcToolbox\Toolboxes\Data Management Tools.tbx\CalculateField" Date="20190905" Time="100610">CalculateField MERGE_J_K_vill TEHSIL "Rajpura new" VB #</Process><Process ToolSource="c:\program files (x86)\arcgis\desktop10.4\ArcToolbox\Toolboxes\Data Management Tools.tbx\CalculateField" Date="20190905" Time="100904">CalculateField MERGE_J_K_vill TEHSIL "Basantgarh" VB #</Process><Process ToolSource="c:\program files (x86)\arcgis\desktop10.4\ArcToolbox\Toolboxes\Data Management Tools.tbx\CalculateField" Date="20190905" Time="101147">CalculateField MERGE_J_K_vill TEHSIL "Chenani" VB #</Process><Process ToolSource="c:\program files (x86)\arcgis\desktop10.4\ArcToolbox\Toolboxes\Data Management Tools.tbx\CalculateField" Date="20190905" Time="101248">CalculateField MERGE_J_K_vill TEHSIL "Latti" VB #</Process><Process ToolSource="c:\program files (x86)\arcgis\desktop10.4\ArcToolbox\Toolboxes\Data Management Tools.tbx\CalculateField" Date="20190905" Time="101554">CalculateField MERGE_J_K_vill TEHSIL "Majalta" VB #</Process><Process ToolSource="c:\program files (x86)\arcgis\desktop10.4\ArcToolbox\Toolboxes\Data Management Tools.tbx\CalculateField" Date="20190905" Time="101659">CalculateField MERGE_J_K_vill TEHSIL "Moungri" VB #</Process><Process ToolSource="c:\program files (x86)\arcgis\desktop10.4\ArcToolbox\Toolboxes\Data Management Tools.tbx\CalculateField" Date="20190905" Time="101852">CalculateField MERGE_J_K_vill TEHSIL "Panchari" VB #</Process><Process ToolSource="c:\program files (x86)\arcgis\desktop10.4\ArcToolbox\Toolboxes\Data Management Tools.tbx\CalculateField" Date="20190905" Time="103353">CalculateField MERGE_J_K_vill TEHSIL "Ramnagar" VB #</Process><Process ToolSource="c:\program files (x86)\arcgis\desktop10.4\ArcToolbox\Toolboxes\Data Management Tools.tbx\CalculateField" Date="20190905" Time="104527">CalculateField MERGE_J_K_vill TEHSIL "Udhampur" VB #</Process><Process ToolSource="c:\program files (x86)\arcgis\desktop10.4\ArcToolbox\Toolboxes\Data Management Tools.tbx\CalculateField" Date="20190905" Time="105226">CalculateField MERGE_J_K_vill TEHSIL "Doru" VB #</Process><Process ToolSource="c:\program files (x86)\arcgis\desktop10.4\ArcToolbox\Toolboxes\Data Management Tools.tbx\CalculateField" Date="20190905" Time="105455">CalculateField MERGE_J_K_vill TEHSIL "Shangus" VB #</Process><Process ToolSource="c:\program files (x86)\arcgis\desktop10.4\ArcToolbox\Toolboxes\Data Management Tools.tbx\CalculateField" Date="20190905" Time="105623">CalculateField MERGE_J_K_vill TEHSIL "Anantnag" VB #</Process><Process ToolSource="c:\program files (x86)\arcgis\desktop10.4\ArcToolbox\Toolboxes\Data Management Tools.tbx\CalculateField" Date="20190905" Time="110107">CalculateField MERGE_J_K_vill TEHSIL "Anantnag East" VB #</Process><Process ToolSource="c:\program files (x86)\arcgis\desktop10.4\ArcToolbox\Toolboxes\Data Management Tools.tbx\CalculateField" Date="20190905" Time="110241">CalculateField MERGE_J_K_vill TEHSIL "Bijbehra" VB #</Process><Process ToolSource="c:\program files (x86)\arcgis\desktop10.4\ArcToolbox\Toolboxes\Data Management Tools.tbx\CalculateField" Date="20190905" Time="110435">CalculateField MERGE_J_K_vill TEHSIL "Kokernag" VB #</Process><Process ToolSource="c:\program files (x86)\arcgis\desktop10.4\ArcToolbox\Toolboxes\Data Management Tools.tbx\CalculateField" Date="20190905" Time="110540">CalculateField MERGE_J_K_vill TEHSIL "Larnoo" VB #</Process><Process ToolSource="c:\program files (x86)\arcgis\desktop10.4\ArcToolbox\Toolboxes\Data Management Tools.tbx\CalculateField" Date="20190905" Time="114415">CalculateField MERGE_J_K_vill TEHSIL "Pahalgam" VB #</Process><Process ToolSource="c:\program files (x86)\arcgis\desktop10.4\ArcToolbox\Toolboxes\Data Management Tools.tbx\CalculateField" Date="20190905" Time="114537">CalculateField MERGE_J_K_vill TEHSIL "Qazigund" VB #</Process><Process ToolSource="c:\program files (x86)\arcgis\desktop10.4\ArcToolbox\Toolboxes\Data Management Tools.tbx\CalculateField" Date="20190905" Time="115009">CalculateField MERGE_J_K_vill TEHSIL "Sallar" VB #</Process><Process ToolSource="c:\program files (x86)\arcgis\desktop10.4\ArcToolbox\Toolboxes\Data Management Tools.tbx\CalculateField" Date="20190905" Time="115125">CalculateField MERGE_J_K_vill TEHSIL "Shabad Bala" VB #</Process><Process ToolSource="c:\program files (x86)\arcgis\desktop10.4\ArcToolbox\Toolboxes\Data Management Tools.tbx\CalculateField" Date="20190905" Time="115235">CalculateField MERGE_J_K_vill TEHSIL "Srigufwara" VB #</Process><Process ToolSource="c:\program files (x86)\arcgis\desktop10.4\ArcToolbox\Toolboxes\Data Management Tools.tbx\CalculateField" Date="20190905" Time="121318">CalculateField MERGE_J_K_vill TEHSIL "Beerwah" VB #</Process><Process ToolSource="c:\program files (x86)\arcgis\desktop10.4\ArcToolbox\Toolboxes\Data Management Tools.tbx\CalculateField" Date="20190905" Time="122104">CalculateField MERGE_J_K_vill TEHSIL "Badgam" VB #</Process><Process ToolSource="c:\program files (x86)\arcgis\desktop10.4\ArcToolbox\Toolboxes\Data Management Tools.tbx\CalculateField" Date="20190905" Time="122440">CalculateField MERGE_J_K_vill TEHSIL "Chadoora" VB #</Process><Process ToolSource="c:\program files (x86)\arcgis\desktop10.4\ArcToolbox\Toolboxes\Data Management Tools.tbx\CalculateField" Date="20190905" Time="122755">CalculateField MERGE_J_K_vill TEHSIL "Char-i-sharief" VB #</Process><Process ToolSource="c:\program files (x86)\arcgis\desktop10.4\ArcToolbox\Toolboxes\Data Management Tools.tbx\CalculateField" Date="20190905" Time="141102">CalculateField MERGE_J_K_vill TEHSIL "Khag" VB #</Process><Process ToolSource="c:\program files (x86)\arcgis\desktop10.4\ArcToolbox\Toolboxes\Data Management Tools.tbx\CalculateField" Date="20190905" Time="143125">CalculateField MERGE_J_K_vill TEHSIL "Khansahib" VB #</Process><Process ToolSource="c:\program files (x86)\arcgis\desktop10.4\ArcToolbox\Toolboxes\Data Management Tools.tbx\CalculateField" Date="20190905" Time="143338">CalculateField MERGE_J_K_vill TEHSIL "Magam" VB #</Process><Process ToolSource="c:\program files (x86)\arcgis\desktop10.4\ArcToolbox\Toolboxes\Data Management Tools.tbx\CalculateField" Date="20190905" Time="144454">CalculateField MERGE_J_K_vill TEHSIL "Bandipura" VB #</Process><Process ToolSource="c:\program files (x86)\arcgis\desktop10.4\ArcToolbox\Toolboxes\Data Management Tools.tbx\CalculateField" Date="20190905" Time="144724">CalculateField MERGE_J_K_vill TEHSIL "Hajin" VB #</Process><Process ToolSource="c:\program files (x86)\arcgis\desktop10.4\ArcToolbox\Toolboxes\Data Management Tools.tbx\CalculateField" Date="20190905" Time="144904">CalculateField MERGE_J_K_vill TEHSIL "Tulail" VB #</Process><Process ToolSource="c:\program files (x86)\arcgis\desktop10.4\ArcToolbox\Toolboxes\Data Management Tools.tbx\CalculateField" Date="20190905" Time="145211">CalculateField MERGE_J_K_vill TEHSIL "Aloosa" VB #</Process><Process ToolSource="c:\program files (x86)\arcgis\desktop10.4\ArcToolbox\Toolboxes\Data Management Tools.tbx\CalculateField" Date="20190905" Time="145320">CalculateField MERGE_J_K_vill TEHSIL "Gurez" VB #</Process><Process ToolSource="c:\program files (x86)\arcgis\desktop10.4\ArcToolbox\Toolboxes\Data Management Tools.tbx\CalculateField" Date="20190905" Time="145610">CalculateField MERGE_J_K_vill TEHSIL "Boniyar" VB #</Process><Process ToolSource="c:\program files (x86)\arcgis\desktop10.4\ArcToolbox\Toolboxes\Data Management Tools.tbx\CalculateField" Date="20190905" Time="145652">CalculateField MERGE_J_K_vill TEHSIL "Dangarpora" VB #</Process><Process ToolSource="c:\program files (x86)\arcgis\desktop10.4\ArcToolbox\Toolboxes\Data Management Tools.tbx\CalculateField" Date="20190905" Time="145824">CalculateField MERGE_J_K_vill TEHSIL "Dangiwacha" VB #</Process><Process ToolSource="c:\program files (x86)\arcgis\desktop10.4\ArcToolbox\Toolboxes\Data Management Tools.tbx\CalculateField" Date="20190905" Time="145935">CalculateField MERGE_J_K_vill TEHSIL "Kawarhama" VB #</Process><Process ToolSource="c:\program files (x86)\arcgis\desktop10.4\ArcToolbox\Toolboxes\Data Management Tools.tbx\CalculateField" Date="20190905" Time="155955">CalculateField MERGE_J_K_vill TEHSIL "Khoie" VB #</Process><Process ToolSource="c:\program files (x86)\arcgis\desktop10.4\ArcToolbox\Toolboxes\Data Management Tools.tbx\CalculateField" Date="20190905" Time="160115">CalculateField MERGE_J_K_vill TEHSIL "Kunzar" VB #</Process><Process ToolSource="c:\program files (x86)\arcgis\desktop10.4\ArcToolbox\Toolboxes\Data Management Tools.tbx\CalculateField" Date="20190905" Time="160331">CalculateField MERGE_J_K_vill TEHSIL "Pattan" VB #</Process><Process ToolSource="c:\program files (x86)\arcgis\desktop10.4\ArcToolbox\Toolboxes\Data Management Tools.tbx\CalculateField" Date="20190905" Time="160514">CalculateField MERGE_J_K_vill TEHSIL "Rafiabad" VB #</Process><Process ToolSource="c:\program files (x86)\arcgis\desktop10.4\ArcToolbox\Toolboxes\Data Management Tools.tbx\CalculateField" Date="20190905" Time="160702">CalculateField MERGE_J_K_vill TEHSIL "Sopore" VB #</Process><Process ToolSource="c:\program files (x86)\arcgis\desktop10.4\ArcToolbox\Toolboxes\Data Management Tools.tbx\CalculateField" Date="20190905" Time="161047">CalculateField MERGE_J_K_vill TEHSIL "Tangmarg" VB #</Process><Process ToolSource="c:\program files (x86)\arcgis\desktop10.4\ArcToolbox\Toolboxes\Data Management Tools.tbx\CalculateField" Date="20190905" Time="161225">CalculateField MERGE_J_K_vill TEHSIL "Uri" VB #</Process><Process ToolSource="c:\program files (x86)\arcgis\desktop10.4\ArcToolbox\Toolboxes\Data Management Tools.tbx\CalculateField" Date="20190905" Time="161443">CalculateField MERGE_J_K_vill TEHSIL "Wagoora" VB #</Process><Process ToolSource="c:\program files (x86)\arcgis\desktop10.4\ArcToolbox\Toolboxes\Data Management Tools.tbx\CalculateField" Date="20190905" Time="161648">CalculateField MERGE_J_K_vill TEHSIL "Watargam" VB #</Process><Process ToolSource="c:\program files (x86)\arcgis\desktop10.4\ArcToolbox\Toolboxes\Data Management Tools.tbx\CalculateField" Date="20190905" Time="161828">CalculateField MERGE_J_K_vill TEHSIL "Zaingeer" VB #</Process><Process ToolSource="c:\program files (x86)\arcgis\desktop10.4\ArcToolbox\Toolboxes\Data Management Tools.tbx\CalculateField" Date="20190905" Time="162101">CalculateField MERGE_J_K_vill TEHSIL "Baramulla" VB #</Process><Process ToolSource="c:\program files (x86)\arcgis\desktop10.4\ArcToolbox\Toolboxes\Data Management Tools.tbx\CalculateField" Date="20190905" Time="162259">CalculateField MERGE_J_K_vill TEHSIL "Gund" VB #</Process><Process ToolSource="c:\program files (x86)\arcgis\desktop10.4\ArcToolbox\Toolboxes\Data Management Tools.tbx\CalculateField" Date="20190905" Time="162405">CalculateField MERGE_J_K_vill TEHSIL "Kangan" VB #</Process><Process ToolSource="c:\program files (x86)\arcgis\desktop10.4\ArcToolbox\Toolboxes\Data Management Tools.tbx\CalculateField" Date="20190905" Time="162515">CalculateField MERGE_J_K_vill TEHSIL "Lar" VB #</Process><Process ToolSource="c:\program files (x86)\arcgis\desktop10.4\ArcToolbox\Toolboxes\Data Management Tools.tbx\CalculateField" Date="20190905" Time="162613">CalculateField MERGE_J_K_vill TEHSIL "Tulmulla" VB #</Process><Process ToolSource="c:\program files (x86)\arcgis\desktop10.4\ArcToolbox\Toolboxes\Data Management Tools.tbx\CalculateField" Date="20190905" Time="162716">CalculateField MERGE_J_K_vill TEHSIL "Wakoora" VB #</Process><Process ToolSource="c:\program files (x86)\arcgis\desktop10.4\ArcToolbox\Toolboxes\Data Management Tools.tbx\CalculateField" Date="20190905" Time="162802">CalculateField MERGE_J_K_vill TEHSIL "Ganderbal" VB #</Process><Process ToolSource="c:\program files (x86)\arcgis\desktop10.4\ArcToolbox\Toolboxes\Data Management Tools.tbx\CalculateField" Date="20190905" Time="164104">CalculateField MERGE_J_K_vill TEHSIL "Kargil" VB #</Process><Process ToolSource="c:\program files (x86)\arcgis\desktop10.4\ArcToolbox\Toolboxes\Data Management Tools.tbx\CalculateField" Date="20190905" Time="164329">CalculateField MERGE_J_K_vill TEHSIL "Sankoo" VB #</Process><Process ToolSource="c:\program files (x86)\arcgis\desktop10.4\ArcToolbox\Toolboxes\Data Management Tools.tbx\CalculateField" Date="20190905" Time="164440">CalculateField MERGE_J_K_vill TEHSIL "Shakar Chiktan" VB #</Process><Process ToolSource="c:\program files (x86)\arcgis\desktop10.4\ArcToolbox\Toolboxes\Data Management Tools.tbx\CalculateField" Date="20190905" Time="164529">CalculateField MERGE_J_K_vill TEHSIL "Shergole" VB #</Process><Process ToolSource="c:\program files (x86)\arcgis\desktop10.4\ArcToolbox\Toolboxes\Data Management Tools.tbx\CalculateField" Date="20190905" Time="164638">CalculateField MERGE_J_K_vill TEHSIL "Taisuru" VB #</Process><Process ToolSource="c:\program files (x86)\arcgis\desktop10.4\ArcToolbox\Toolboxes\Data Management Tools.tbx\CalculateField" Date="20190905" Time="164809">CalculateField MERGE_J_K_vill TEHSIL "Zanskar" VB #</Process><Process ToolSource="c:\program files (x86)\arcgis\desktop10.4\ArcToolbox\Toolboxes\Data Management Tools.tbx\CalculateField" Date="20190905" Time="164928">CalculateField MERGE_J_K_vill TEHSIL "Drass" VB #</Process><Process ToolSource="c:\program files (x86)\arcgis\desktop10.4\ArcToolbox\Toolboxes\Data Management Tools.tbx\CalculateField" Date="20190905" Time="165224">CalculateField MERGE_J_K_vill TEHSIL "D H Pora" VB #</Process><Process ToolSource="c:\program files (x86)\arcgis\desktop10.4\ArcToolbox\Toolboxes\Data Management Tools.tbx\CalculateField" Date="20190905" Time="165530">CalculateField MERGE_J_K_vill TEHSIL "Devsar" VB #</Process><Process ToolSource="c:\program files (x86)\arcgis\desktop10.4\ArcToolbox\Toolboxes\Data Management Tools.tbx\CalculateField" Date="20190905" Time="165708">CalculateField MERGE_J_K_vill TEHSIL "Frisal" VB #</Process><Process ToolSource="c:\program files (x86)\arcgis\desktop10.4\ArcToolbox\Toolboxes\Data Management Tools.tbx\CalculateField" Date="20190905" Time="165852">CalculateField MERGE_J_K_vill TEHSIL "Pahloo" VB #</Process><Process ToolSource="c:\program files (x86)\arcgis\desktop10.4\ArcToolbox\Toolboxes\Data Management Tools.tbx\CalculateField" Date="20190905" Time="170002">CalculateField MERGE_J_K_vill TEHSIL "Anantnag" VB #</Process><Process ToolSource="c:\program files (x86)\arcgis\desktop10.4\ArcToolbox\Toolboxes\Data Management Tools.tbx\CalculateField" Date="20190905" Time="170601">CalculateField MERGE_J_K_vill TEHSIL "Kulgam" VB #</Process><Process ToolSource="c:\program files (x86)\arcgis\desktop10.4\ArcToolbox\Toolboxes\Data Management Tools.tbx\CalculateField" Date="20190905" Time="170846">CalculateField MERGE_J_K_vill TEHSIL "Yaripora" VB #</Process><Process ToolSource="c:\program files (x86)\arcgis\desktop10.4\ArcToolbox\Toolboxes\Data Management Tools.tbx\CalculateField" Date="20190906" Time="090858">CalculateField MERGE_J_K_vill TEHSIL "Draugmulla" VB #</Process><Process ToolSource="c:\program files (x86)\arcgis\desktop10.4\ArcToolbox\Toolboxes\Data Management Tools.tbx\CalculateField" Date="20190906" Time="091110">CalculateField MERGE_J_K_vill TEHSIL "Karnah" VB #</Process><Process ToolSource="c:\program files (x86)\arcgis\desktop10.4\ArcToolbox\Toolboxes\Data Management Tools.tbx\CalculateField" Date="20190906" Time="091151">CalculateField MERGE_J_K_vill TEHSIL "Keran" VB #</Process><Process ToolSource="c:\program files (x86)\arcgis\desktop10.4\ArcToolbox\Toolboxes\Data Management Tools.tbx\CalculateField" Date="20190906" Time="091259">CalculateField MERGE_J_K_vill TEHSIL "Kralpora" VB #</Process><Process ToolSource="c:\program files (x86)\arcgis\desktop10.4\ArcToolbox\Toolboxes\Data Management Tools.tbx\CalculateField" Date="20190906" Time="091844">CalculateField MERGE_J_K_vill TEHSIL "Kupwara" VB #</Process><Process ToolSource="c:\program files (x86)\arcgis\desktop10.4\ArcToolbox\Toolboxes\Data Management Tools.tbx\CalculateField" Date="20190906" Time="093013">CalculateField MERGE_J_K_vill TEHSIL "Handwara" VB #</Process><Process ToolSource="c:\program files (x86)\arcgis\desktop10.4\ArcToolbox\Toolboxes\Data Management Tools.tbx\CalculateField" Date="20190906" Time="093410">CalculateField MERGE_J_K_vill TEHSIL "Lalpora" VB #</Process><Process ToolSource="c:\program files (x86)\arcgis\desktop10.4\ArcToolbox\Toolboxes\Data Management Tools.tbx\CalculateField" Date="20190906" Time="093843">CalculateField MERGE_J_K_vill TEHSIL "Langate" VB #</Process><Process ToolSource="c:\program files (x86)\arcgis\desktop10.4\ArcToolbox\Toolboxes\Data Management Tools.tbx\CalculateField" Date="20190906" Time="093928">CalculateField MERGE_J_K_vill TEHSIL "Machil" VB #</Process><Process ToolSource="c:\program files (x86)\arcgis\desktop10.4\ArcToolbox\Toolboxes\Data Management Tools.tbx\CalculateField" Date="20190906" Time="094101">CalculateField MERGE_J_K_vill TEHSIL "Qaziabad" VB #</Process><Process ToolSource="c:\program files (x86)\arcgis\desktop10.4\ArcToolbox\Toolboxes\Data Management Tools.tbx\CalculateField" Date="20190906" Time="094719">CalculateField MERGE_J_K_vill TEHSIL "Ramhal" VB #</Process><Process ToolSource="c:\program files (x86)\arcgis\desktop10.4\ArcToolbox\Toolboxes\Data Management Tools.tbx\CalculateField" Date="20190906" Time="094834">CalculateField MERGE_J_K_vill TEHSIL "Sogam" VB #</Process><Process ToolSource="c:\program files (x86)\arcgis\desktop10.4\ArcToolbox\Toolboxes\Data Management Tools.tbx\CalculateField" Date="20190906" Time="095028">CalculateField MERGE_J_K_vill TEHSIL "Trehgam" VB #</Process><Process ToolSource="c:\program files (x86)\arcgis\desktop10.4\ArcToolbox\Toolboxes\Data Management Tools.tbx\CalculateField" Date="20190906" Time="095136">CalculateField MERGE_J_K_vill TEHSIL "Zachaldara" VB #</Process><Process ToolSource="c:\program files (x86)\arcgis\desktop10.4\ArcToolbox\Toolboxes\Data Management Tools.tbx\CalculateField" Date="20190906" Time="101336">CalculateField MERGE_J_K_vill TEHSIL "Airpal" VB #</Process><Process ToolSource="c:\program files (x86)\arcgis\desktop10.4\ArcToolbox\Toolboxes\Data Management Tools.tbx\CalculateField" Date="20190906" Time="102029">CalculateField MERGE_J_K_vill TEHSIL "Awantipora" VB #</Process><Process ToolSource="c:\program files (x86)\arcgis\desktop10.4\ArcToolbox\Toolboxes\Data Management Tools.tbx\CalculateField" Date="20190906" Time="102250">CalculateField MERGE_J_K_vill TEHSIL "Kakapora" VB #</Process><Process ToolSource="c:\program files (x86)\arcgis\desktop10.4\ArcToolbox\Toolboxes\Data Management Tools.tbx\CalculateField" Date="20190906" Time="102442">CalculateField MERGE_J_K_vill TEHSIL "Rajpora" VB #</Process><Process ToolSource="c:\program files (x86)\arcgis\desktop10.4\ArcToolbox\Toolboxes\Data Management Tools.tbx\CalculateField" Date="20190906" Time="102933">CalculateField MERGE_J_K_vill TEHSIL "Tral" VB #</Process><Process ToolSource="c:\program files (x86)\arcgis\desktop10.4\ArcToolbox\Toolboxes\Data Management Tools.tbx\CalculateField" Date="20190906" Time="103058">CalculateField MERGE_J_K_vill TEHSIL "Pampore" VB #</Process><Process ToolSource="c:\program files (x86)\arcgis\desktop10.4\ArcToolbox\Toolboxes\Data Management Tools.tbx\CalculateField" Date="20190906" Time="103454">CalculateField MERGE_J_K_vill TEHSIL "Pulwama" VB #</Process><Process ToolSource="c:\program files (x86)\arcgis\desktop10.4\ArcToolbox\Toolboxes\Data Management Tools.tbx\CalculateField" Date="20190906" Time="103723">CalculateField MERGE_J_K_vill TEHSIL "Shahoora" VB #</Process><Process ToolSource="c:\program files (x86)\arcgis\desktop10.4\ArcToolbox\Toolboxes\Data Management Tools.tbx\CalculateField" Date="20190906" Time="104042">CalculateField MERGE_J_K_vill TEHSIL "Chitragam" VB #</Process><Process ToolSource="c:\program files (x86)\arcgis\desktop10.4\ArcToolbox\Toolboxes\Data Management Tools.tbx\CalculateField" Date="20190906" Time="104211">CalculateField MERGE_J_K_vill TEHSIL "Hermain" VB #</Process><Process ToolSource="c:\program files (x86)\arcgis\desktop10.4\ArcToolbox\Toolboxes\Data Management Tools.tbx\CalculateField" Date="20190906" Time="104402">CalculateField MERGE_J_K_vill TEHSIL "Imamsahib" VB #</Process><Process ToolSource="c:\program files (x86)\arcgis\desktop10.4\ArcToolbox\Toolboxes\Data Management Tools.tbx\CalculateField" Date="20190906" Time="104538">CalculateField MERGE_J_K_vill TEHSIL "Keegam" VB #</Process><Process ToolSource="c:\program files (x86)\arcgis\desktop10.4\ArcToolbox\Toolboxes\Data Management Tools.tbx\CalculateField" Date="20190906" Time="104659">CalculateField MERGE_J_K_vill TEHSIL "Keller" VB #</Process><Process ToolSource="c:\program files (x86)\arcgis\desktop10.4\ArcToolbox\Toolboxes\Data Management Tools.tbx\CalculateField" Date="20190906" Time="105243">CalculateField MERGE_J_K_vill TEHSIL "Shopian" VB #</Process><Process ToolSource="c:\program files (x86)\arcgis\desktop10.4\ArcToolbox\Toolboxes\Data Management Tools.tbx\CalculateField" Date="20190906" Time="105402">CalculateField MERGE_J_K_vill TEHSIL "Zainpora" VB #</Process><Process ToolSource="c:\program files (x86)\arcgis\desktop10.4\ArcToolbox\Toolboxes\Data Management Tools.tbx\CalculateField" Date="20190906" Time="120457">CalculateField MERGE_J_K_vill TEHSIL "Channapora" VB #</Process><Process ToolSource="c:\program files (x86)\arcgis\desktop10.4\ArcToolbox\Toolboxes\Data Management Tools.tbx\CalculateField" Date="20190906" Time="120541">CalculateField MERGE_J_K_vill TEHSIL "Channapora Natipora" VB #</Process><Process ToolSource="c:\program files (x86)\arcgis\desktop10.4\ArcToolbox\Toolboxes\Data Management Tools.tbx\CalculateField" Date="20190906" Time="120655">CalculateField MERGE_J_K_vill TEHSIL "Eidgah" VB #</Process><Process ToolSource="c:\program files (x86)\arcgis\desktop10.4\ArcToolbox\Toolboxes\Data Management Tools.tbx\CalculateField" Date="20190906" Time="120813">CalculateField MERGE_J_K_vill TEHSIL "Khanyar" VB #</Process><Process ToolSource="c:\program files (x86)\arcgis\desktop10.4\ArcToolbox\Toolboxes\Data Management Tools.tbx\CalculateField" Date="20190906" Time="120851">CalculateField MERGE_J_K_vill TEHSIL "Panthachowk" VB #</Process><Process ToolSource="c:\program files (x86)\arcgis\desktop10.4\ArcToolbox\Toolboxes\Data Management Tools.tbx\CalculateField" Date="20190906" Time="120954">CalculateField MERGE_J_K_vill TEHSIL "Srinagar North" VB #</Process><Process ToolSource="c:\program files (x86)\arcgis\desktop10.4\ArcToolbox\Toolboxes\Data Management Tools.tbx\CalculateField" Date="20190906" Time="121056">CalculateField MERGE_J_K_vill TEHSIL "Srinagar South" VB #</Process><Process ToolSource="c:\program files (x86)\arcgis\desktop10.4\ArcToolbox\Toolboxes\Data Management Tools.tbx\CalculateField" Date="20190906" Time="121140">CalculateField MERGE_J_K_vill TEHSIL "Srinagar West" VB #</Process><Process ToolSource="c:\program files (x86)\arcgis\desktop10.4\ArcToolbox\Toolboxes\Data Management Tools.tbx\CalculateField" Date="20190906" Time="121715">CalculateField MERGE_J_K_vill TEHSIL "Balakot" VB #</Process><Process ToolSource="c:\program files (x86)\arcgis\desktop10.4\ArcToolbox\Toolboxes\Data Management Tools.tbx\CalculateField" Date="20190906" Time="140743">CalculateField MERGE_J_K_vill TEHSIL "" VB #</Process><Process ToolSource="c:\program files (x86)\arcgis\desktop10.4\ArcToolbox\Toolboxes\Data Management Tools.tbx\CalculateField" Date="20190906" Time="140809">CalculateField MERGE_J_K_vill TEHSIL "Sonawari" VB #</Process><Process ToolSource="c:\program files (x86)\arcgis\desktop10.4\ArcToolbox\Toolboxes\Data Management Tools.tbx\CalculateField" Date="20190906" Time="141007">CalculateField MERGE_J_K_vill TEHSIL "Ajas" VB #</Process><Process ToolSource="c:\program files (x86)\arcgis\desktop10.4\ArcToolbox\Toolboxes\Data Management Tools.tbx\CalculateField" Date="20190906" Time="141101">CalculateField MERGE_J_K_vill TEHSIL "Tulail" VB #</Process><Process ToolSource="c:\program files (x86)\arcgis\desktop10.4\ArcToolbox\Toolboxes\Data Management Tools.tbx\CalculateField" Date="20190906" Time="142734">CalculateField MERGE_J_K_vill TEHSIL "B K Pora" VB #</Process><Process ToolSource="c:\program files (x86)\arcgis\desktop10.4\ArcToolbox\Toolboxes\Data Management Tools.tbx\CalculateField" Date="20190906" Time="143319">CalculateField MERGE_J_K_vill TEHSIL "Tral" VB #</Process><Process ToolSource="c:\program files (x86)\arcgis\desktop10.4\ArcToolbox\Toolboxes\Data Management Tools.tbx\CalculateField" Date="20190906" Time="144138">CalculateField MERGE_J_K_vill TEHSIL "Qaimoh" VB #</Process><Process ToolSource="c:\program files (x86)\arcgis\desktop10.4\ArcToolbox\Toolboxes\Data Management Tools.tbx\CalculateField" Date="20191003" Time="101126">CalculateField JK_PUNJAB VILLAGE [TxtMemo_1] VB #</Process><Process ToolSource="c:\program files (x86)\arcgis\desktop10.4\ArcToolbox\Toolboxes\Data Management Tools.tbx\CalculateField" Date="20191003" Time="101144">CalculateField JK_PUNJAB VILLAGE [VILLAGE_SO] VB #</Process><Process ToolSource="c:\program files (x86)\arcgis\desktop10.4\ArcToolbox\Toolboxes\Data Management Tools.tbx\CalculateField" Date="20200203" Time="095410">CalculateField VILLAGE TEHSIL "BAT&gt;LA" VB #</Process><Process ToolSource="c:\program files (x86)\arcgis\desktop10.4\ArcToolbox\Toolboxes\Data Management Tools.tbx\CalculateField" Date="20200203" Time="095437">CalculateField VILLAGE TEHSIL "DERA B&gt;BA N&gt;NAK" VB #</Process><Process ToolSource="c:\program files (x86)\arcgis\desktop10.4\ArcToolbox\Toolboxes\Data Management Tools.tbx\CalculateField" Date="20200203" Time="095501">CalculateField VILLAGE TEHSIL "DH&gt;R KAL&gt;N" VB #</Process><Process ToolSource="c:\program files (x86)\arcgis\desktop10.4\ArcToolbox\Toolboxes\Data Management Tools.tbx\CalculateField" Date="20200203" Time="095532">CalculateField VILLAGE TEHSIL "GURD&gt;SPUR" VB #</Process><Process ToolSource="c:\program files (x86)\arcgis\desktop10.4\ArcToolbox\Toolboxes\Data Management Tools.tbx\CalculateField" Date="20200203" Time="095623">CalculateField VILLAGE TEHSIL "TARAN T&gt;RAN" VB #</Process><Process ToolSource="c:\program files (x86)\arcgis\desktop10.4\ArcToolbox\Toolboxes\Data Management Tools.tbx\CalculateField" Date="20200203" Time="095630">CalculateField VILLAGE District "TARAN T&gt;RAN" VB #</Process><Process ToolSource="c:\program files (x86)\arcgis\desktop10.4\ArcToolbox\Toolboxes\Data Management Tools.tbx\CalculateField" Date="20200203" Time="095708">CalculateField VILLAGE District "GURD&gt;SPUR" VB #</Process><Process ToolSource="c:\program files (x86)\arcgis\desktop10.4\ArcToolbox\Toolboxes\Data Management Tools.tbx\CalculateField" Date="20200203" Time="095737">CalculateField VILLAGE District "HOSHI&gt;RPUR" VB #</Process><Process ToolSource="c:\program files (x86)\arcgis\desktop10.4\ArcToolbox\Toolboxes\Data Management Tools.tbx\CalculateField" Date="20200203" Time="095759">CalculateField VILLAGE District "LUDHI&gt;NA" VB #</Process><Process ToolSource="c:\program files (x86)\arcgis\desktop10.4\ArcToolbox\Toolboxes\Data Management Tools.tbx\CalculateField" Date="20200203" Time="095900">CalculateField VILLAGE District "MANSA" VB #</Process><Process ToolSource="c:\program files (x86)\arcgis\desktop10.4\ArcToolbox\Toolboxes\Data Management Tools.tbx\CalculateField" Date="20200203" Time="095927">CalculateField VILLAGE District "PATH&gt;NKOT" VB #</Process><Process ToolSource="c:\program files (x86)\arcgis\desktop10.4\ArcToolbox\Toolboxes\Data Management Tools.tbx\CalculateField" Date="20200203" Time="100032">CalculateField VILLAGE District "TARAN T&gt;RAN" VB #</Process><Process ToolSource="c:\program files (x86)\arcgis\desktop10.7\ArcToolbox\Toolboxes\Data Management Tools.tbx\CalculateField" Date="20210101" Time="105618">CalculateField VILLAGE District "F&gt;ZILKA" VB #</Process><Process ToolSource="c:\program files (x86)\arcgis\desktop10.7\ArcToolbox\Toolboxes\Data Management Tools.tbx\CalculateField" Date="20210101" Time="105645">CalculateField VILLAGE TEHSIL "F&gt;ZILKA" VB #</Process><Process ToolSource="c:\program files (x86)\arcgis\desktop10.7\ArcToolbox\Toolboxes\Data Management Tools.tbx\CalculateField" Date="20210101" Time="105723">CalculateField VILLAGE District "F|ROZPUR" VB #</Process><Process ToolSource="c:\program files (x86)\arcgis\desktop10.7\ArcToolbox\Toolboxes\Data Management Tools.tbx\CalculateField" Date="20210101" Time="105744">CalculateField VILLAGE TEHSIL "F|ROZPUR" VB #</Process><Process ToolSource="c:\program files (x86)\arcgis\desktop10.7\ArcToolbox\Toolboxes\Data Management Tools.tbx\CalculateField" Date="20210101" Time="105837">CalculateField VILLAGE District "KAP@RTHALA" VB #</Process><Process ToolSource="c:\program files (x86)\arcgis\desktop10.7\ArcToolbox\Toolboxes\Data Management Tools.tbx\CalculateField" Date="20210101" Time="105852">CalculateField VILLAGE TEHSIL "KAP@RTHALA" VB #</Process><Process ToolSource="c:\program files (x86)\arcgis\desktop10.7\ArcToolbox\Toolboxes\Data Management Tools.tbx\CalculateField" Date="20210101" Time="105924">CalculateField VILLAGE District "M&gt;NSA" VB #</Process><Process ToolSource="c:\program files (x86)\arcgis\desktop10.7\ArcToolbox\Toolboxes\Data Management Tools.tbx\CalculateField" Date="20210101" Time="110022">CalculateField VILLAGE District "SRI MUKTSAR S&gt;HIB" VB #</Process><Process ToolSource="c:\program files (x86)\arcgis\desktop10.7\ArcToolbox\Toolboxes\Data Management Tools.tbx\CalculateField" Date="20210101" Time="110057">CalculateField VILLAGE TEHSIL "SRI MUKTSAR S&gt;HIB" VB #</Process><Process ToolSource="c:\program files (x86)\arcgis\desktop10.7\ArcToolbox\Toolboxes\Data Management Tools.tbx\CalculateField" Date="20210101" Time="110154">CalculateField VILLAGE District "SHAH|D BHAGAT SINGH NAGAR" VB #</Process><Process ToolSource="c:\program files (x86)\arcgis\desktop10.7\ArcToolbox\Toolboxes\Data Management Tools.tbx\CalculateField" Date="20210101" Time="110217">CalculateField VILLAGE TEHSIL "SHAH|D BHAGAT SINGH NAGAR" VB #</Process><Process ToolSource="c:\program files (x86)\arcgis\desktop10.7\ArcToolbox\Toolboxes\Data Management Tools.tbx\CalculateField" Date="20210101" Time="110259">CalculateField VILLAGE District "R@PNAGAR" VB #</Process><Process ToolSource="c:\program files (x86)\arcgis\desktop10.7\ArcToolbox\Toolboxes\Data Management Tools.tbx\CalculateField" Date="20210101" Time="110314">CalculateField VILLAGE TEHSIL "R@PNAGAR" VB #</Process><Process ToolSource="c:\program files (x86)\arcgis\desktop10.7\ArcToolbox\Toolboxes\Data Management Tools.tbx\CalculateField" Date="20210101" Time="110405">CalculateField VILLAGE District "TARN T&gt;RAN" VB #</Process><Process ToolSource="c:\program files (x86)\arcgis\desktop10.7\ArcToolbox\Toolboxes\Data Management Tools.tbx\CalculateField" Date="20210101" Time="110419">CalculateField VILLAGE TEHSIL "TARN T&gt;RAN" VB #</Process><Process ToolSource="c:\program files (x86)\arcgis\desktop10.7\ArcToolbox\Toolboxes\Data Management Tools.tbx\CalculateField" Date="20210101" Time="110754">CalculateField VILLAGE District "SAS NAGAR (SAH|BZ&gt;DA AJ|T SINGH NAGAR)" VB #</Process></lineage></DataProperties><SyncDate>20191015</SyncDate><SyncTime>09432700</SyncTime><ModDate>20191015</ModDate><ModTime>09432700</ModTime></Esri><dataIdInfo><envirDesc Sync="TRUE"> Version 6.2 (Build 9200) ; Esri ArcGIS 10.4.1.5686</envirDesc><dataLang><languageCode value="eng" Sync="TRUE"></languageCode><countryCode value="USA" Sync="TRUE"></countryCode></dataLang><idCitation><resTitle Sync="TRUE">VILLAGE</resTitle><presForm><PresFormCd value="005" Sync="TRUE"></PresFormCd></presForm></idCitation><spatRpType><SpatRepTypCd value="001" Sync="TRUE"></SpatRepTypCd></spatRpType></dataIdInfo><mdLang><languageCode value="eng" Sync="TRUE"></languageCode><countryCode value="USA" Sync="TRUE"></countryCode></mdLang><mdChar><CharSetCd value="004" Sync="TRUE"></CharSetCd></mdChar><distInfo><distFormat><formatName Sync="TRUE">File Geodatabase Feature Class</formatName></distFormat><distTranOps><transSize Sync="TRUE">0.000</transSize></distTranOps></distInfo><mdHrLv><ScopeCd value="005" Sync="TRUE"></ScopeCd></mdHrLv><mdHrLvName Sync="TRUE">dataset</mdHrLvName><refSysInfo><RefSystem><refSysID><identCode code="0" Sync="TRUE"></identCode><idCodeSpace Sync="TRUE">EPSG</idCodeSpace><idVersion Sync="TRUE">2.1(3.0.1)</idVersion></refSysID></RefSystem></refSysInfo><spatRepInfo><VectSpatRep><geometObjs Name="VILLAGE"><geoObjTyp><GeoObjTypCd value="002" Sync="TRUE"></GeoObjTypCd></geoObjTyp><geoObjCnt Sync="TRUE">0</geoObjCnt></geometObjs><topLvl><TopoLevCd value="001" Sync="TRUE"></TopoLevCd></topLvl></VectSpatRep></spatRepInfo><spdoinfo><ptvctinf><esriterm Name="VILLAGE"><efeatyp Sync="TRUE">Simple</efeatyp><efeageom code="4" Sync="TRUE"></efeageom><esritopo Sync="TRUE">FALSE</esritopo><efeacnt Sync="TRUE">0</efeacnt><spindex Sync="TRUE">TRUE</spindex><linrefer Sync="TRUE">FALSE</linrefer></esriterm></ptvctinf></spdoinfo><eainfo><detailed Name="VILLAGE"><enttyp><enttypl Sync="TRUE">VILLAGE</enttypl><enttypt Sync="TRUE">Feature Class</enttypt><enttypc Sync="TRUE">0</enttypc></enttyp><attr><attrlabl Sync="TRUE">OBJECTID</attrlabl><attalias Sync="TRUE">FID</attalias><attrtype Sync="TRUE">OID</attrtype><attwidth Sync="TRUE">4</attwidth><atprecis Sync="TRUE">0</atprecis><attscale Sync="TRUE">0</attscale><attrdef Sync="TRUE">Internal feature number.</attrdef><attrdefs Sync="TRUE">Esri</attrdefs><attrdomv><udom Sync="TRUE">Sequential unique whole numbers that are automatically generated.</udom></attrdomv></attr><attr><attrlabl Sync="TRUE">Shape</attrlabl><attalias Sync="TRUE">Shape</attalias><attrtype Sync="TRUE">Geometry</attrtype><attwidth Sync="TRUE">0</attwidth><atprecis Sync="TRUE">0</atprecis><attscale Sync="TRUE">0</attscale><attrdef Sync="TRUE">Feature geometry.</attrdef><attrdefs Sync="TRUE">Esri</attrdefs><attrdomv><udom Sync="TRUE">Coordinates defining the features.</udom></attrdomv></attr><attr><attrlabl Sync="TRUE">District</attrlabl><attalias Sync="TRUE">District</attalias><attrtype Sync="TRUE">String</attrtype><attwidth Sync="TRUE">50</attwidth><atprecis Sync="TRUE">0</atprecis><attscale Sync="TRUE">0</attscale></attr><attr><attrlabl Sync="TRUE">STATE</attrlabl><attalias Sync="TRUE">STATE</attalias><attrtype Sync="TRUE">String</attrtype><attwidth Sync="TRUE">50</attwidth><atprecis Sync="TRUE">0</atprecis><attscale Sync="TRUE">0</attscale></attr><attr><attrlabl Sync="TRUE">TEHSIL</attrlabl><attalias Sync="TRUE">TEHSIL</attalias><attrtype Sync="TRUE">String</attrtype><attwidth Sync="TRUE">50</attwidth><atprecis Sync="TRUE">0</atprecis><attscale Sync="TRUE">0</attscale></attr><attr><attrlabl Sync="TRUE">VILLAGE</attrlabl><attalias Sync="TRUE">VILLAGE</attalias><attrtype Sync="TRUE">String</attrtype><attwidth Sync="TRUE">50</attwidth><atprecis Sync="TRUE">0</atprecis><attscale Sync="TRUE">0</attscale></attr><attr><attrlabl Sync="TRUE">Shape_Length</attrlabl><attalias Sync="TRUE">Shape_Length</attalias><attrtype Sync="TRUE">Double</attrtype><attwidth Sync="TRUE">8</attwidth><atprecis Sync="TRUE">0</atprecis><attscale Sync="TRUE">0</attscale><attrdef Sync="TRUE">Length of feature in internal units.</attrdef><attrdefs Sync="TRUE">Esri</attrdefs><attrdomv><udom Sync="TRUE">Positive real numbers that are automatically generated.</udom></attrdomv></attr><attr><attrlabl Sync="TRUE">Shape_Area</attrlabl><attalias Sync="TRUE">Shape_Area</attalias><attrtype Sync="TRUE">Double</attrtype><attwidth Sync="TRUE">8</attwidth><atprecis Sync="TRUE">0</atprecis><attscale Sync="TRUE">0</attscale><attrdef Sync="TRUE">Area of feature in internal units squared.</attrdef><attrdefs Sync="TRUE">Esri</attrdefs><attrdomv><udom Sync="TRUE">Positive real numbers that are automatically generated.</udom></attrdomv></attr></detailed></eainfo><mdDateSt Sync="TRUE">20191015</mdDateSt></metadata>
