<?xml version="1.0" encoding="UTF-8"?>
<metadata xml:lang="en"><Esri><CreaDate>20210624</CreaDate><CreaTime>20125200</CreaTime><ArcGISFormat>1.0</ArcGISFormat><SyncOnce>FALSE</SyncOnce><DataProperties><itemProps><itemName Sync="TRUE">Village_Boundary</itemName><imsContentType Sync="TRUE">002</imsContentType><itemSize Sync="TRUE">0.000</itemSize><itemLocation><linkage Sync="TRUE">file://\\NGDC_1\D\UPDATION_ADM_BDY_2018\1_VILLAGE_BDY_LCCWGS84_2018\KERALA\Kerala.gdb</linkage><protocol Sync="TRUE">Local Area Network</protocol></itemLocation></itemProps><coordRef><type Sync="TRUE">Projected</type><geogcsn Sync="TRUE">GCS_WGS_1984</geogcsn><csUnits Sync="TRUE">Linear Unit: Meter (1.000000)</csUnits><projcsn Sync="TRUE">LCC_WGS84</projcsn><peXml Sync="TRUE">&lt;ProjectedCoordinateSystem xsi:type='typens:ProjectedCoordinateSystem' xmlns:xsi='http://www.w3.org/2001/XMLSchema-instance' xmlns:xs='http://www.w3.org/2001/XMLSchema' xmlns:typens='http://www.esri.com/schemas/ArcGIS/10.5'&gt;&lt;WKT&gt;PROJCS[&amp;quot;LCC_WGS84&amp;quot;,GEOGCS[&amp;quot;GCS_WGS_1984&amp;quot;,DATUM[&amp;quot;D_WGS_1984&amp;quot;,SPHEROID[&amp;quot;WGS_1984&amp;quot;,6378137.0,298.257223563]],PRIMEM[&amp;quot;Greenwich&amp;quot;,0.0],UNIT[&amp;quot;Degree&amp;quot;,0.0174532925199433]],PROJECTION[&amp;quot;Lambert_Conformal_Conic&amp;quot;],PARAMETER[&amp;quot;False_Easting&amp;quot;,4000000.0],PARAMETER[&amp;quot;False_Northing&amp;quot;,4000000.0],PARAMETER[&amp;quot;Central_Meridian&amp;quot;,80.0],PARAMETER[&amp;quot;Standard_Parallel_1&amp;quot;,12.472944],PARAMETER[&amp;quot;Standard_Parallel_2&amp;quot;,35.172806],PARAMETER[&amp;quot;Scale_Factor&amp;quot;,1.0],PARAMETER[&amp;quot;Latitude_Of_Origin&amp;quot;,24.0],UNIT[&amp;quot;Meter&amp;quot;,1.0]]&lt;/WKT&gt;&lt;XOrigin&gt;-35091300&lt;/XOrigin&gt;&lt;YOrigin&gt;-22777300&lt;/YOrigin&gt;&lt;XYScale&gt;10000&lt;/XYScale&gt;&lt;ZOrigin&gt;-100000&lt;/ZOrigin&gt;&lt;ZScale&gt;10000&lt;/ZScale&gt;&lt;MOrigin&gt;-100000&lt;/MOrigin&gt;&lt;MScale&gt;10000&lt;/MScale&gt;&lt;XYTolerance&gt;0.001&lt;/XYTolerance&gt;&lt;ZTolerance&gt;0.001&lt;/ZTolerance&gt;&lt;MTolerance&gt;0.001&lt;/MTolerance&gt;&lt;HighPrecision&gt;true&lt;/HighPrecision&gt;&lt;/ProjectedCoordinateSystem&gt;</peXml></coordRef><lineage><Process ToolSource="c:\program files (x86)\arcgis\desktop10.5\ArcToolbox\Toolboxes\Data Management Tools.tbx\CopyFeatures" Date="20180710" Time="170529">CopyFeatures D:\UPDATION_ADM_BDY_2018\ABDB_Kerala\ABDB_Upto_village_level.dgn\Polygon D:\UPDATION_ADM_BDY_2018\ABDB_Kerala\SHAPE_FILES\ABDB_Upto_village_level_dgn_Polygon.shp # 0 0 0</Process><Process ToolSource="c:\program files (x86)\arcgis\desktop10.5\ArcToolbox\Toolboxes\Analysis Tools.tbx\SpatialJoin" Date="20180717" Time="095028">SpatialJoin ABDB_Upto_village_level_dgn_Polygon ABDB_Upto_village_level_dgn_Annotation D:\UPDATION_ADM_BDY_2018\ABDB_Kerala\SHAPE_FILES\VILLAGE_POLYGON.shp JOIN_ONE_TO_ONE KEEP_ALL "Entity "Entity" true true false 16 Text 0 0 ,First,#,ABDB_Upto_village_level_dgn_Polygon,Entity,-1,-1,ABDB_Upto_village_level_dgn_Annotation,Entity,-1,-1;Handle "Handle" true true false 16 Text 0 0 ,First,#,ABDB_Upto_village_level_dgn_Polygon,Handle,-1,-1,ABDB_Upto_village_level_dgn_Annotation,Handle,-1,-1;Level "Level" true true false 10 Long 0 10 ,First,#,ABDB_Upto_village_level_dgn_Polygon,Level,-1,-1,ABDB_Upto_village_level_dgn_Annotation,Level,-1,-1;Layer "Layer" true true false 254 Text 0 0 ,First,#,ABDB_Upto_village_level_dgn_Polygon,Layer,-1,-1,ABDB_Upto_village_level_dgn_Annotation,Layer,-1,-1;LvlDesc "LvlDesc" true true false 254 Text 0 0 ,First,#,ABDB_Upto_village_level_dgn_Polygon,LvlDesc,-1,-1,ABDB_Upto_village_level_dgn_Annotation,LvlDesc,-1,-1;LyrFrzn "LyrFrzn" true true false 5 Long 0 5 ,First,#,ABDB_Upto_village_level_dgn_Polygon,LyrFrzn,-1,-1,ABDB_Upto_village_level_dgn_Annotation,LyrFrzn,-1,-1;LyrLock "LyrLock" true true false 5 Long 0 5 ,First,#,ABDB_Upto_village_level_dgn_Polygon,LyrLock,-1,-1,ABDB_Upto_village_level_dgn_Annotation,LyrLock,-1,-1;LyrOn "LyrOn" true true false 5 Long 0 5 ,First,#,ABDB_Upto_village_level_dgn_Polygon,LyrOn,-1,-1,ABDB_Upto_village_level_dgn_Annotation,LyrOn,-1,-1;LvlPlot "LvlPlot" true true false 5 Long 0 5 ,First,#,ABDB_Upto_village_level_dgn_Polygon,LvlPlot,-1,-1,ABDB_Upto_village_level_dgn_Annotation,LvlPlot,-1,-1;Color "Color" true true false 5 Long 0 5 ,First,#,ABDB_Upto_village_level_dgn_Polygon,Color,-1,-1,ABDB_Upto_village_level_dgn_Annotation,Color,-1,-1;EntColor "EntColor" true true false 5 Long 0 5 ,First,#,ABDB_Upto_village_level_dgn_Polygon,EntColor,-1,-1,ABDB_Upto_village_level_dgn_Annotation,EntColor,-1,-1;LyrColor "LyrColor" true true false 5 Long 0 5 ,First,#,ABDB_Upto_village_level_dgn_Polygon,LyrColor,-1,-1,ABDB_Upto_village_level_dgn_Annotation,LyrColor,-1,-1;Linetype "Linetype" true true false 254 Text 0 0 ,First,#,ABDB_Upto_village_level_dgn_Polygon,Linetype,-1,-1,ABDB_Upto_village_level_dgn_Annotation,Linetype,-1,-1;EntLinetyp "EntLinetyp" true true false 254 Text 0 0 ,First,#,ABDB_Upto_village_level_dgn_Polygon,EntLinetyp,-1,-1,ABDB_Upto_village_level_dgn_Annotation,EntLinetyp,-1,-1;LyrLnType "LyrLnType" true true false 254 Text 0 0 ,First,#,ABDB_Upto_village_level_dgn_Polygon,LyrLnType,-1,-1,ABDB_Upto_village_level_dgn_Annotation,LyrLnType,-1,-1;Elevation "Elevation" true true false 19 Double 0 0 ,First,#,ABDB_Upto_village_level_dgn_Polygon,Elevation,-1,-1,ABDB_Upto_village_level_dgn_Annotation,Elevation,-1,-1;Class "Class" true true false 24 Text 0 0 ,First,#,ABDB_Upto_village_level_dgn_Polygon,Class,-1,-1,ABDB_Upto_village_level_dgn_Annotation,Class,-1,-1;GGroup "GGroup" true true false 5 Long 0 5 ,First,#,ABDB_Upto_village_level_dgn_Polygon,GGroup,-1,-1,ABDB_Upto_village_level_dgn_Annotation,GGroup,-1,-1;CadModel "CadModel" true true false 254 Text 0 0 ,First,#,ABDB_Upto_village_level_dgn_Polygon,CadModel,-1,-1,ABDB_Upto_village_level_dgn_Annotation,CadModel,-1,-1;Fill "Fill" true true false 5 Long 0 5 ,First,#,ABDB_Upto_village_level_dgn_Polygon,Fill,-1,-1,ABDB_Upto_village_level_dgn_Annotation,Fill,-1,-1;LineWt "LineWt" true true false 5 Long 0 5 ,First,#,ABDB_Upto_village_level_dgn_Polygon,LineWt,-1,-1,ABDB_Upto_village_level_dgn_Annotation,LineWt,-1,-1;EntLineWt "EntLineWt" true true false 5 Long 0 5 ,First,#,ABDB_Upto_village_level_dgn_Polygon,EntLineWt,-1,-1,ABDB_Upto_village_level_dgn_Annotation,EntLineWt,-1,-1;LyrLineWt "LyrLineWt" true true false 5 Long 0 5 ,First,#,ABDB_Upto_village_level_dgn_Polygon,LyrLineWt,-1,-1,ABDB_Upto_village_level_dgn_Annotation,LyrLineWt,-1,-1;RefName "RefName" true true false 254 Text 0 0 ,First,#,ABDB_Upto_village_level_dgn_Polygon,RefName,-1,-1,ABDB_Upto_village_level_dgn_Annotation,RefName,-1,-1;LTScale "LTScale" true true false 19 Double 0 0 ,First,#,ABDB_Upto_village_level_dgn_Polygon,LTScale,-1,-1,ABDB_Upto_village_level_dgn_Annotation,LTScale,-1,-1;QrotW "QrotW" true true false 19 Double 0 0 ,First,#,ABDB_Upto_village_level_dgn_Polygon,QrotW,-1,-1,ABDB_Upto_village_level_dgn_Annotation,QrotW,-1,-1;QrotX "QrotX" true true false 19 Double 0 0 ,First,#,ABDB_Upto_village_level_dgn_Polygon,QrotX,-1,-1,ABDB_Upto_village_level_dgn_Annotation,QrotX,-1,-1;QrotY "QrotY" true true false 19 Double 0 0 ,First,#,ABDB_Upto_village_level_dgn_Polygon,QrotY,-1,-1,ABDB_Upto_village_level_dgn_Annotation,QrotY,-1,-1;QrotZ "QrotZ" true true false 19 Double 0 0 ,First,#,ABDB_Upto_village_level_dgn_Polygon,QrotZ,-1,-1,ABDB_Upto_village_level_dgn_Annotation,QrotZ,-1,-1;DocName "DocName" true true false 254 Text 0 0 ,First,#,ABDB_Upto_village_level_dgn_Polygon,DocName,-1,-1,ABDB_Upto_village_level_dgn_Annotation,DocName,-1,-1;DocPath "DocPath" true true false 254 Text 0 0 ,First,#,ABDB_Upto_village_level_dgn_Polygon,DocPath,-1,-1,ABDB_Upto_village_level_dgn_Annotation,DocPath,-1,-1;DocType "DocType" true true false 32 Text 0 0 ,First,#,ABDB_Upto_village_level_dgn_Polygon,DocType,-1,-1,ABDB_Upto_village_level_dgn_Annotation,DocType,-1,-1;DocVer "DocVer" true true false 16 Text 0 0 ,First,#,ABDB_Upto_village_level_dgn_Polygon,DocVer,-1,-1,ABDB_Upto_village_level_dgn_Annotation,DocVer,-1,-1;ScaleX "ScaleX" true true false 19 Double 0 0 ,First,#,ABDB_Upto_village_level_dgn_Annotation,ScaleX,-1,-1;ScaleY "ScaleY" true true false 19 Double 0 0 ,First,#,ABDB_Upto_village_level_dgn_Annotation,ScaleY,-1,-1;ScaleZ "ScaleZ" true true false 19 Double 0 0 ,First,#,ABDB_Upto_village_level_dgn_Annotation,ScaleZ,-1,-1;Style "Style" true true false 254 Text 0 0 ,First,#,ABDB_Upto_village_level_dgn_Annotation,Style,-1,-1;FontID "FontID" true true false 5 Long 0 5 ,First,#,ABDB_Upto_village_level_dgn_Annotation,FontID,-1,-1;Text "Text" true true false 254 Text 0 0 ,First,#,ABDB_Upto_village_level_dgn_Annotation,Text,-1,-1;Height "Height" true true false 19 Double 0 0 ,First,#,ABDB_Upto_village_level_dgn_Annotation,Height,-1,-1;TxtAngle "TxtAngle" true true false 19 Double 0 0 ,First,#,ABDB_Upto_village_level_dgn_Annotation,TxtAngle,-1,-1;TxtWidth "TxtWidth" true true false 19 Double 0 0 ,First,#,ABDB_Upto_village_level_dgn_Annotation,TxtWidth,-1,-1;TxtOblique "TxtOblique" true true false 19 Double 0 0 ,First,#,ABDB_Upto_village_level_dgn_Annotation,TxtOblique,-1,-1;TxtJust "TxtJust" true true false 32 Text 0 0 ,First,#,ABDB_Upto_village_level_dgn_Annotation,TxtJust,-1,-1;VertAlign "VertAlign" true true false 32 Text 0 0 ,First,#,ABDB_Upto_village_level_dgn_Annotation,VertAlign,-1,-1;TxtFont "TxtFont" true true false 254 Text 0 0 ,First,#,ABDB_Upto_village_level_dgn_Annotation,TxtFont,-1,-1;TxtBoxHt "TxtBoxHt" true true false 19 Double 0 0 ,First,#,ABDB_Upto_village_level_dgn_Annotation,TxtBoxHt,-1,-1;TxtBoxWd "TxtBoxWd" true true false 19 Double 0 0 ,First,#,ABDB_Upto_village_level_dgn_Annotation,TxtBoxWd,-1,-1;TxtRefWd "TxtRefWd" true true false 19 Double 0 0 ,First,#,ABDB_Upto_village_level_dgn_Annotation,TxtRefWd,-1,-1;TxtAttach "TxtAttach" true true false 5 Long 0 5 ,First,#,ABDB_Upto_village_level_dgn_Annotation,TxtAttach,-1,-1;TxtDir "TxtDir" true true false 5 Long 0 5 ,First,#,ABDB_Upto_village_level_dgn_Annotation,TxtDir,-1,-1;LnSpace "LnSpace" true true false 5 Long 0 5 ,First,#,ABDB_Upto_village_level_dgn_Annotation,LnSpace,-1,-1;SpaceFct "SpaceFct" true true false 19 Double 0 0 ,First,#,ABDB_Upto_village_level_dgn_Annotation,SpaceFct,-1,-1;TxtMemo "TxtMemo" true true false 254 Text 0 0 ,First,#,ABDB_Upto_village_level_dgn_Annotation,TxtMemo,-1,-1" CONTAINS # #</Process><Process ToolSource="c:\program files (x86)\arcgis\desktop10.5\ArcToolbox\Toolboxes\Data Management Tools.tbx\Project" Date="20180717" Time="121229">Project D:\UPDATION_ADM_BDY_2018\ABDB_Kerala\SHAPE_FILES\VILLAGE_POLYGON.shp D:\UPDATION_ADM_BDY_2018\1_VILLAGE_BDY_LCCWGS84\KERALA\VILLAGE_POLYGON.shp PROJCS['LCC_WGS84',GEOGCS['GCS_WGS_1984',DATUM['D_WGS_1984',SPHEROID['WGS_1984',6378137.0,298.257223563]],PRIMEM['Greenwich',0.0],UNIT['Degree',0.0174532925199433]],PROJECTION['Lambert_Conformal_Conic'],PARAMETER['False_Easting',4000000.0],PARAMETER['False_Northing',4000000.0],PARAMETER['Central_Meridian',80.0],PARAMETER['Standard_Parallel_1',12.472944],PARAMETER['Standard_Parallel_2',35.172806],PARAMETER['Scale_Factor',1.0],PARAMETER['Latitude_Of_Origin',24.0],UNIT['Meter',1.0]] # PROJCS['WGS_1984_UTM_Zone_43N',GEOGCS['GCS_WGS_1984',DATUM['D_WGS_1984',SPHEROID['WGS_1984',6378137.0,298.257223563]],PRIMEM['Greenwich',0.0],UNIT['Degree',0.0174532925199433]],PROJECTION['Transverse_Mercator'],PARAMETER['False_Easting',500000.0],PARAMETER['False_Northing',0.0],PARAMETER['Central_Meridian',75.0],PARAMETER['Scale_Factor',0.9996],PARAMETER['Latitude_Of_Origin',0.0],UNIT['Meter',1.0]] NO_PRESERVE_SHAPE # NO_VERTICAL</Process><Process ToolSource="c:\program files (x86)\arcgis\desktop10.5\ArcToolbox\Toolboxes\Data Management Tools.tbx\CalculateField" Date="20180717" Time="123808">CalculateField VILLAGE_POLYGON TEHSIL "&gt;LATT@R" VB #</Process><Process ToolSource="c:\program files (x86)\arcgis\desktop10.5\ArcToolbox\Toolboxes\Data Management Tools.tbx\CalculateField" Date="20180717" Time="123857">CalculateField VILLAGE_POLYGON TEHSIL "&gt;LUVA" VB #</Process><Process ToolSource="c:\program files (x86)\arcgis\desktop10.5\ArcToolbox\Toolboxes\Data Management Tools.tbx\CalculateField" Date="20180717" Time="141024">CalculateField VILLAGE_POLYGON TEHSIL "AD@R" VB #</Process><Process ToolSource="c:\program files (x86)\arcgis\desktop10.5\ArcToolbox\Toolboxes\Data Management Tools.tbx\CalculateField" Date="20180717" Time="141046">CalculateField VILLAGE_POLYGON TEHSIL "AMBALAPUZHA" VB #</Process><Process ToolSource="c:\program files (x86)\arcgis\desktop10.5\ArcToolbox\Toolboxes\Data Management Tools.tbx\CalculateField" Date="20180717" Time="141109">CalculateField VILLAGE_POLYGON TEHSIL "CH&gt;LAKKUDI" VB #</Process><Process ToolSource="c:\program files (x86)\arcgis\desktop10.5\ArcToolbox\Toolboxes\Data Management Tools.tbx\CalculateField" Date="20180717" Time="141156">CalculateField VILLAGE_POLYGON TEHSIL "CH&gt;LAKKUDI" VB #</Process><Process ToolSource="c:\program files (x86)\arcgis\desktop10.5\ArcToolbox\Toolboxes\Data Management Tools.tbx\CalculateField" Date="20180717" Time="141358">CalculateField VILLAGE_POLYGON TEHSIL "CHANGAN&gt;SSERI" VB #</Process><Process ToolSource="c:\program files (x86)\arcgis\desktop10.5\ArcToolbox\Toolboxes\Data Management Tools.tbx\CalculateField" Date="20180717" Time="141452">CalculateField VILLAGE_POLYGON TEHSIL "CHENGANN@R" VB #</Process><Process ToolSource="c:\program files (x86)\arcgis\desktop10.5\ArcToolbox\Toolboxes\Data Management Tools.tbx\CalculateField" Date="20180717" Time="141600">CalculateField VILLAGE_POLYGON TEHSIL "CHERTTALA" VB #</Process><Process ToolSource="c:\program files (x86)\arcgis\desktop10.5\ArcToolbox\Toolboxes\Data Management Tools.tbx\CalculateField" Date="20180717" Time="141653">CalculateField VILLAGE_POLYGON TEHSIL "CHIRAYINK|ZH" VB #</Process><Process ToolSource="c:\program files (x86)\arcgis\desktop10.5\ArcToolbox\Toolboxes\Data Management Tools.tbx\CalculateField" Date="20180717" Time="141754">CalculateField VILLAGE_POLYGON TEHSIL "CHITT@R" VB #</Process><Process ToolSource="c:\program files (x86)\arcgis\desktop10.5\ArcToolbox\Toolboxes\Data Management Tools.tbx\CalculateField" Date="20180717" Time="141859">CalculateField VILLAGE_POLYGON TEHSIL "DEVIKULAM" VB #</Process><Process ToolSource="c:\program files (x86)\arcgis\desktop10.5\ArcToolbox\Toolboxes\Data Management Tools.tbx\CalculateField" Date="20180717" Time="142139">CalculateField VILLAGE_POLYGON TEHSIL "ERN&gt;D" VB #</Process><Process ToolSource="c:\program files (x86)\arcgis\desktop10.5\ArcToolbox\Toolboxes\Data Management Tools.tbx\CalculateField" Date="20180717" Time="142205">CalculateField VILLAGE_POLYGON TEHSIL "HOSDURG" VB #</Process><Process ToolSource="c:\program files (x86)\arcgis\desktop10.5\ArcToolbox\Toolboxes\Data Management Tools.tbx\CalculateField" Date="20180717" Time="142226">CalculateField VILLAGE_POLYGON TEHSIL "IDUKKI" VB #</Process><Process ToolSource="c:\program files (x86)\arcgis\desktop10.5\ArcToolbox\Toolboxes\Data Management Tools.tbx\CalculateField" Date="20180717" Time="142248">CalculateField VILLAGE_POLYGON TEHSIL "IRITTY" VB #</Process><Process ToolSource="c:\program files (x86)\arcgis\desktop10.5\ArcToolbox\Toolboxes\Data Management Tools.tbx\CalculateField" Date="20180717" Time="142306">CalculateField VILLAGE_POLYGON TEHSIL "K&gt;NJIRAPALLI" VB #</Process><Process ToolSource="c:\program files (x86)\arcgis\desktop10.5\ArcToolbox\Toolboxes\Data Management Tools.tbx\CalculateField" Date="20180717" Time="142338">CalculateField VILLAGE_POLYGON TEHSIL "K&gt;RTIKAPALLI" VB #</Process><Process ToolSource="c:\program files (x86)\arcgis\desktop10.5\ArcToolbox\Toolboxes\Data Management Tools.tbx\CalculateField" Date="20180717" Time="142404">CalculateField VILLAGE_POLYGON TEHSIL "K&gt;TT&gt;KKADA" VB #</Process><Process ToolSource="c:\program files (x86)\arcgis\desktop10.5\ArcToolbox\Toolboxes\Data Management Tools.tbx\CalculateField" Date="20180717" Time="142439">CalculateField VILLAGE_POLYGON TEHSIL "KANAYANN@R" VB #</Process><Process ToolSource="c:\program files (x86)\arcgis\desktop10.5\ArcToolbox\Toolboxes\Data Management Tools.tbx\CalculateField" Date="20180717" Time="142501">CalculateField VILLAGE_POLYGON TEHSIL "KANN@R" VB #</Process><Process ToolSource="c:\program files (x86)\arcgis\desktop10.5\ArcToolbox\Toolboxes\Data Management Tools.tbx\CalculateField" Date="20180717" Time="142528">CalculateField VILLAGE_POLYGON TEHSIL "KARUN&gt;GAPALLI" VB #</Process><Process ToolSource="c:\program files (x86)\arcgis\desktop10.5\ArcToolbox\Toolboxes\Data Management Tools.tbx\CalculateField" Date="20180717" Time="142657">CalculateField VILLAGE_POLYGON TEHSIL "KASARAGOD" VB #</Process><Process ToolSource="c:\program files (x86)\arcgis\desktop10.5\ArcToolbox\Toolboxes\Data Management Tools.tbx\CalculateField" Date="20180717" Time="142826">CalculateField VILLAGE_POLYGON TEHSIL "KOCHCHI" VB #</Process><Process ToolSource="c:\program files (x86)\arcgis\desktop10.5\ArcToolbox\Toolboxes\Data Management Tools.tbx\CalculateField" Date="20180717" Time="142912">CalculateField VILLAGE_POLYGON TEHSIL "KOLLAM" VB #</Process><Process ToolSource="c:\program files (x86)\arcgis\desktop10.5\ArcToolbox\Toolboxes\Data Management Tools.tbx\CalculateField" Date="20180717" Time="143025">CalculateField VILLAGE_POLYGON TEHSIL "KONDOTTY" VB #</Process><Process ToolSource="c:\program files (x86)\arcgis\desktop10.5\ArcToolbox\Toolboxes\Data Management Tools.tbx\CalculateField" Date="20180717" Time="143049">CalculateField VILLAGE_POLYGON TEHSIL "KONNI" VB #</Process><Process ToolSource="c:\program files (x86)\arcgis\desktop10.5\ArcToolbox\Toolboxes\Data Management Tools.tbx\CalculateField" Date="20180717" Time="143109">CalculateField VILLAGE_POLYGON TEHSIL "KOTAMANGALAM" VB #</Process><Process ToolSource="c:\program files (x86)\arcgis\desktop10.5\ArcToolbox\Toolboxes\Data Management Tools.tbx\CalculateField" Date="20180717" Time="143125">CalculateField VILLAGE_POLYGON TEHSIL "KOTT&gt;RAKARA" VB #</Process><Process ToolSource="c:\program files (x86)\arcgis\desktop10.5\ArcToolbox\Toolboxes\Data Management Tools.tbx\CalculateField" Date="20180717" Time="143804">CalculateField VILLAGE_POLYGON TEHSIL "KOTTAYAM" VB #</Process><Process ToolSource="c:\program files (x86)\arcgis\desktop10.5\ArcToolbox\Toolboxes\Data Management Tools.tbx\CalculateField" Date="20180717" Time="143828">CalculateField VILLAGE_POLYGON TEHSIL "KOYIL&gt;NDI" VB #</Process><Process ToolSource="c:\program files (x86)\arcgis\desktop10.5\ArcToolbox\Toolboxes\Data Management Tools.tbx\CalculateField" Date="20180717" Time="143847">CalculateField VILLAGE_POLYGON TEHSIL "KOZHANCHERI" VB #</Process><Process ToolSource="c:\program files (x86)\arcgis\desktop10.5\ArcToolbox\Toolboxes\Data Management Tools.tbx\CalculateField" Date="20180717" Time="143903">CalculateField VILLAGE_POLYGON TEHSIL "KOZHIKODE" VB #</Process><Process ToolSource="c:\program files (x86)\arcgis\desktop10.5\ArcToolbox\Toolboxes\Data Management Tools.tbx\CalculateField" Date="20180717" Time="143922">CalculateField VILLAGE_POLYGON TEHSIL "KUNNAMKULAM" VB #</Process><Process ToolSource="c:\program files (x86)\arcgis\desktop10.5\ArcToolbox\Toolboxes\Data Management Tools.tbx\CalculateField" Date="20180717" Time="143955">CalculateField VILLAGE_POLYGON TEHSIL "KUNNATT@R" VB #</Process><Process ToolSource="c:\program files (x86)\arcgis\desktop10.5\ArcToolbox\Toolboxes\Data Management Tools.tbx\CalculateField" Date="20180717" Time="144022">CalculateField VILLAGE_POLYGON TEHSIL "KUNNATTUN&gt;D" VB #</Process><Process ToolSource="c:\program files (x86)\arcgis\desktop10.5\ArcToolbox\Toolboxes\Data Management Tools.tbx\CalculateField" Date="20180717" Time="144143">CalculateField VILLAGE_POLYGON TEHSIL "KUTTAN&gt;D" VB #</Process><Process ToolSource="c:\program files (x86)\arcgis\desktop10.5\ArcToolbox\Toolboxes\Data Management Tools.tbx\CalculateField" Date="20180717" Time="144211">CalculateField VILLAGE_POLYGON TEHSIL "M|NACHIL" VB #</Process><Process ToolSource="c:\program files (x86)\arcgis\desktop10.5\ArcToolbox\Toolboxes\Data Management Tools.tbx\CalculateField" Date="20180717" Time="144227">CalculateField VILLAGE_POLYGON TEHSIL "M&gt;NANTAV&gt;DI" VB #</Process><Process ToolSource="c:\program files (x86)\arcgis\desktop10.5\ArcToolbox\Toolboxes\Data Management Tools.tbx\CalculateField" Date="20180717" Time="144245">CalculateField VILLAGE_POLYGON TEHSIL "M&gt;VELIKARA" VB #</Process><Process ToolSource="c:\program files (x86)\arcgis\desktop10.5\ArcToolbox\Toolboxes\Data Management Tools.tbx\CalculateField" Date="20180717" Time="144305">CalculateField VILLAGE_POLYGON TEHSIL "MALLAPPALLI" VB #</Process><Process ToolSource="c:\program files (x86)\arcgis\desktop10.5\ArcToolbox\Toolboxes\Data Management Tools.tbx\CalculateField" Date="20180717" Time="144327">CalculateField VILLAGE_POLYGON TEHSIL "MANJESHVAR" VB #</Process><Process ToolSource="c:\program files (x86)\arcgis\desktop10.5\ArcToolbox\Toolboxes\Data Management Tools.tbx\CalculateField" Date="20180717" Time="144351">CalculateField VILLAGE_POLYGON TEHSIL "MANN&gt;RKK&gt;D" VB #</Process><Process ToolSource="c:\program files (x86)\arcgis\desktop10.5\ArcToolbox\Toolboxes\Data Management Tools.tbx\CalculateField" Date="20180717" Time="144409">CalculateField VILLAGE_POLYGON TEHSIL "MUKUNDAPURAM" VB #</Process><Process ToolSource="c:\program files (x86)\arcgis\desktop10.5\ArcToolbox\Toolboxes\Data Management Tools.tbx\CalculateField" Date="20180717" Time="144432">CalculateField VILLAGE_POLYGON TEHSIL "MUKUNDAPURAM" VB #</Process><Process ToolSource="c:\program files (x86)\arcgis\desktop10.5\ArcToolbox\Toolboxes\Data Management Tools.tbx\CalculateField" Date="20180717" Time="144516">CalculateField VILLAGE_POLYGON TEHSIL "MUV&gt;TTUPUZHA" VB #</Process><Process ToolSource="c:\program files (x86)\arcgis\desktop10.5\ArcToolbox\Toolboxes\Data Management Tools.tbx\CalculateField" Date="20180717" Time="144534">CalculateField VILLAGE_POLYGON TEHSIL "NEDUMANG&gt;D" VB #</Process><Process ToolSource="c:\program files (x86)\arcgis\desktop10.5\ArcToolbox\Toolboxes\Data Management Tools.tbx\CalculateField" Date="20180717" Time="144548">CalculateField VILLAGE_POLYGON TEHSIL "NEYY&gt;TTINKARA" VB #</Process><Process ToolSource="c:\program files (x86)\arcgis\desktop10.5\ArcToolbox\Toolboxes\Data Management Tools.tbx\CalculateField" Date="20180717" Time="144606">CalculateField VILLAGE_POLYGON TEHSIL "NILAMB@R" VB #</Process><Process ToolSource="c:\program files (x86)\arcgis\desktop10.5\ArcToolbox\Toolboxes\Data Management Tools.tbx\CalculateField" Date="20180717" Time="144641">CalculateField VILLAGE_POLYGON TEHSIL "OTTAPP&gt;LAM" VB #</Process><Process ToolSource="c:\program files (x86)\arcgis\desktop10.5\ArcToolbox\Toolboxes\Data Management Tools.tbx\CalculateField" Date="20180717" Time="144707">CalculateField VILLAGE_POLYGON TEHSIL "P|RMED" VB #</Process><Process ToolSource="c:\program files (x86)\arcgis\desktop10.5\ArcToolbox\Toolboxes\Data Management Tools.tbx\CalculateField" Date="20180717" Time="144728">CalculateField VILLAGE_POLYGON TEHSIL "P&gt;LAKK&gt;D" VB #</Process><Process ToolSource="c:\program files (x86)\arcgis\desktop10.5\ArcToolbox\Toolboxes\Data Management Tools.tbx\CalculateField" Date="20180717" Time="144745">CalculateField VILLAGE_POLYGON TEHSIL "PARAV@R" VB #</Process><Process ToolSource="c:\program files (x86)\arcgis\desktop10.5\ArcToolbox\Toolboxes\Data Management Tools.tbx\CalculateField" Date="20180717" Time="144809">CalculateField VILLAGE_POLYGON TEHSIL "PATT&gt;MBI" VB #</Process><Process ToolSource="c:\program files (x86)\arcgis\desktop10.5\ArcToolbox\Toolboxes\Data Management Tools.tbx\CalculateField" Date="20180717" Time="144829">CalculateField VILLAGE_POLYGON TEHSIL "PATTAN&gt;PURAM" VB #</Process><Process ToolSource="c:\program files (x86)\arcgis\desktop10.5\ArcToolbox\Toolboxes\Data Management Tools.tbx\CalculateField" Date="20180717" Time="144902">CalculateField VILLAGE_POLYGON TEHSIL "PAYYANN@R" VB #</Process><Process ToolSource="c:\program files (x86)\arcgis\desktop10.5\ArcToolbox\Toolboxes\Data Management Tools.tbx\CalculateField" Date="20180717" Time="144922">CalculateField VILLAGE_POLYGON TEHSIL "PERINTALMANNA" VB #</Process><Process ToolSource="c:\program files (x86)\arcgis\desktop10.5\ArcToolbox\Toolboxes\Data Management Tools.tbx\CalculateField" Date="20180717" Time="144940">CalculateField VILLAGE_POLYGON TEHSIL "PONN&gt;NI" VB #</Process><Process ToolSource="c:\program files (x86)\arcgis\desktop10.5\ArcToolbox\Toolboxes\Data Management Tools.tbx\CalculateField" Date="20180717" Time="144957">CalculateField VILLAGE_POLYGON TEHSIL "PUNAL@R" VB #</Process><Process ToolSource="c:\program files (x86)\arcgis\desktop10.5\ArcToolbox\Toolboxes\Data Management Tools.tbx\CalculateField" Date="20180717" Time="145024">CalculateField VILLAGE_POLYGON TEHSIL "R&gt;NNI" VB #</Process><Process ToolSource="c:\program files (x86)\arcgis\desktop10.5\ArcToolbox\Toolboxes\Data Management Tools.tbx\CalculateField" Date="20180717" Time="145041">CalculateField VILLAGE_POLYGON TEHSIL "SULT&gt;N BATTERY" VB #</Process><Process ToolSource="c:\program files (x86)\arcgis\desktop10.5\ArcToolbox\Toolboxes\Data Management Tools.tbx\CalculateField" Date="20180717" Time="145100">CalculateField VILLAGE_POLYGON TEHSIL "T&gt;MARASSERRY" VB #</Process><Process ToolSource="c:\program files (x86)\arcgis\desktop10.5\ArcToolbox\Toolboxes\Data Management Tools.tbx\CalculateField" Date="20180717" Time="145119">CalculateField VILLAGE_POLYGON TEHSIL "TALAPPALLI" VB #</Process><Process ToolSource="c:\program files (x86)\arcgis\desktop10.5\ArcToolbox\Toolboxes\Data Management Tools.tbx\CalculateField" Date="20180717" Time="145139">CalculateField VILLAGE_POLYGON TEHSIL "TALASSERI" VB #</Process><Process ToolSource="c:\program files (x86)\arcgis\desktop10.5\ArcToolbox\Toolboxes\Data Management Tools.tbx\CalculateField" Date="20180717" Time="145158">CalculateField VILLAGE_POLYGON TEHSIL "TALIPARAMBA" VB #</Process><Process ToolSource="c:\program files (x86)\arcgis\desktop10.5\ArcToolbox\Toolboxes\Data Management Tools.tbx\CalculateField" Date="20180717" Time="145218">CalculateField VILLAGE_POLYGON TEHSIL "TIR@R" VB #</Process><Process ToolSource="c:\program files (x86)\arcgis\desktop10.5\ArcToolbox\Toolboxes\Data Management Tools.tbx\CalculateField" Date="20180717" Time="145236">CalculateField VILLAGE_POLYGON TEHSIL "TIR@RANG&gt;DI" VB #</Process><Process ToolSource="c:\program files (x86)\arcgis\desktop10.5\ArcToolbox\Toolboxes\Data Management Tools.tbx\CalculateField" Date="20180717" Time="145351">CalculateField VILLAGE_POLYGON TEHSIL "TIRUVALLA" VB #</Process><Process ToolSource="c:\program files (x86)\arcgis\desktop10.5\ArcToolbox\Toolboxes\Data Management Tools.tbx\CalculateField" Date="20180717" Time="145409">CalculateField VILLAGE_POLYGON TEHSIL "TIRUVANANTAPURAM" VB #</Process><Process ToolSource="c:\program files (x86)\arcgis\desktop10.5\ArcToolbox\Toolboxes\Data Management Tools.tbx\CalculateField" Date="20180717" Time="145424">CalculateField VILLAGE_POLYGON TEHSIL "TODUPUZHA" VB #</Process><Process ToolSource="c:\program files (x86)\arcgis\desktop10.5\ArcToolbox\Toolboxes\Data Management Tools.tbx\CalculateField" Date="20180717" Time="145442">CalculateField VILLAGE_POLYGON TEHSIL "TRISS@R" VB #</Process><Process ToolSource="c:\program files (x86)\arcgis\desktop10.5\ArcToolbox\Toolboxes\Data Management Tools.tbx\CalculateField" Date="20180717" Time="145503">CalculateField VILLAGE_POLYGON TEHSIL "UDUMBANCHOLA" VB #</Process><Process ToolSource="c:\program files (x86)\arcgis\desktop10.5\ArcToolbox\Toolboxes\Data Management Tools.tbx\CalculateField" Date="20180717" Time="145517">CalculateField VILLAGE_POLYGON TEHSIL "VADAKARA" VB #</Process><Process ToolSource="c:\program files (x86)\arcgis\desktop10.5\ArcToolbox\Toolboxes\Data Management Tools.tbx\CalculateField" Date="20180717" Time="145555">CalculateField VILLAGE_POLYGON TEHSIL "VAIKAM" VB #</Process><Process ToolSource="c:\program files (x86)\arcgis\desktop10.5\ArcToolbox\Toolboxes\Data Management Tools.tbx\CalculateField" Date="20180717" Time="145613">CalculateField VILLAGE_POLYGON TEHSIL "VAITHIRY" VB #</Process><Process ToolSource="c:\program files (x86)\arcgis\desktop10.5\ArcToolbox\Toolboxes\Data Management Tools.tbx\CalculateField" Date="20180717" Time="145814">CalculateField VILLAGE_POLYGON TEHSIL "VARKALA" VB #</Process><Process ToolSource="c:\program files (x86)\arcgis\desktop10.5\ArcToolbox\Toolboxes\Data Management Tools.tbx\CalculateField" Date="20180717" Time="145838">CalculateField VILLAGE_POLYGON TEHSIL "VELLARIKUNDU" VB #</Process><Process ToolSource="c:\program files (x86)\arcgis\desktop10.5\ArcToolbox\Toolboxes\Data Management Tools.tbx\CalculateField" Date="20180717" Time="150020">CalculateField VILLAGE_POLYGON DISTRICT "P&gt;LAKK&gt;D" VB #</Process><Process ToolSource="c:\program files (x86)\arcgis\desktop10.5\ArcToolbox\Toolboxes\Data Management Tools.tbx\CalculateField" Date="20180717" Time="150054">CalculateField VILLAGE_POLYGON DISTRICT "&gt;LAPPUZHA" VB #</Process><Process ToolSource="c:\program files (x86)\arcgis\desktop10.5\ArcToolbox\Toolboxes\Data Management Tools.tbx\CalculateField" Date="20180717" Time="150119">CalculateField VILLAGE_POLYGON DISTRICT "KOTTAYAM" VB #</Process><Process ToolSource="c:\program files (x86)\arcgis\desktop10.5\ArcToolbox\Toolboxes\Data Management Tools.tbx\CalculateField" Date="20180717" Time="150136">CalculateField VILLAGE_POLYGON DISTRICT "KOLLAM" VB #</Process><Process ToolSource="c:\program files (x86)\arcgis\desktop10.5\ArcToolbox\Toolboxes\Data Management Tools.tbx\CalculateField" Date="20180717" Time="150204">CalculateField VILLAGE_POLYGON DISTRICT "KOZHIKKODE" VB #</Process><Process ToolSource="c:\program files (x86)\arcgis\desktop10.5\ArcToolbox\Toolboxes\Data Management Tools.tbx\CalculateField" Date="20180717" Time="150219">CalculateField VILLAGE_POLYGON DISTRICT "K&gt;SARAGOD" VB #</Process><Process ToolSource="c:\program files (x86)\arcgis\desktop10.5\ArcToolbox\Toolboxes\Data Management Tools.tbx\CalculateField" Date="20180717" Time="150235">CalculateField VILLAGE_POLYGON DISTRICT "MALAPPURAM" VB #</Process><Process ToolSource="c:\program files (x86)\arcgis\desktop10.5\ArcToolbox\Toolboxes\Data Management Tools.tbx\CalculateField" Date="20180717" Time="150252">CalculateField VILLAGE_POLYGON DISTRICT "WAYAN&gt;D" VB #</Process><Process ToolSource="c:\program files (x86)\arcgis\desktop10.5\ArcToolbox\Toolboxes\Data Management Tools.tbx\CalculateField" Date="20180717" Time="150307">CalculateField VILLAGE_POLYGON DISTRICT "PATTANAMTITTA" VB #</Process><Process ToolSource="c:\program files (x86)\arcgis\desktop10.5\ArcToolbox\Toolboxes\Data Management Tools.tbx\CalculateField" Date="20180717" Time="150325">CalculateField VILLAGE_POLYGON DISTRICT "IDUKKI" VB #</Process><Process ToolSource="c:\program files (x86)\arcgis\desktop10.5\ArcToolbox\Toolboxes\Data Management Tools.tbx\CalculateField" Date="20180717" Time="150342">CalculateField VILLAGE_POLYGON DISTRICT "TRISS@R" VB #</Process><Process ToolSource="c:\program files (x86)\arcgis\desktop10.5\ArcToolbox\Toolboxes\Data Management Tools.tbx\CalculateField" Date="20180717" Time="150358">CalculateField VILLAGE_POLYGON DISTRICT "ERN&gt;KULAM" VB #</Process><Process ToolSource="c:\program files (x86)\arcgis\desktop10.5\ArcToolbox\Toolboxes\Data Management Tools.tbx\CalculateField" Date="20180717" Time="150418">CalculateField VILLAGE_POLYGON DISTRICT "KANN@R" VB #</Process><Process ToolSource="c:\program files (x86)\arcgis\desktop10.5\ArcToolbox\Toolboxes\Data Management Tools.tbx\CalculateField" Date="20180717" Time="150434">CalculateField VILLAGE_POLYGON DISTRICT "TIRUVANANTAPURAM" VB #</Process><Process ToolSource="c:\program files (x86)\arcgis\desktop10.5\ArcToolbox\Toolboxes\Data Management Tools.tbx\CalculateField" Date="20180717" Time="150511">CalculateField VILLAGE_POLYGON STATE "KERALA" VB #</Process><Process ToolSource="c:\program files (x86)\arcgis\desktop10.5\ArcToolbox\Toolboxes\Data Management Tools.tbx\CalculateField" Date="20180717" Time="150522">CalculateField VILLAGE_POLYGON STATE "KERALA" VB #</Process><Process ToolSource="c:\program files (x86)\arcgis\desktop10.5\ArcToolbox\Toolboxes\Data Management Tools.tbx\CalculateField" Date="20180717" Time="150619">CalculateField VILLAGE_POLYGON VILLAGE [TxtMemo] VB #</Process><Process ToolSource="c:\program files (x86)\arcgis\desktop10.5\ArcToolbox\Toolboxes\Data Management Tools.tbx\CalculateField" Date="20180717" Time="152057">CalculateField VILLAGE_KERALA DISTRICT "MAHE" VB #</Process><Process ToolSource="c:\program files (x86)\arcgis\desktop10.5\ArcToolbox\Toolboxes\Data Management Tools.tbx\CalculateField" Date="20180717" Time="152108">CalculateField VILLAGE_KERALA TEHSIL "MAHE" VB #</Process><Process ToolSource="c:\program files (x86)\arcgis\desktop10.5\ArcToolbox\Toolboxes\Data Management Tools.tbx\CopyFeatures" Date="20180726" Time="123211">CopyFeatures D:\UPDATION_ADM_BDY_2018\1_VILLAGE_BDY_LCCWGS84\KERALA_test\KERALA.gdb\VILLAGE_KERALA D:\UPDATION_ADM_BDY_2018\1_VILLAGE_BDY_LCCWGS84\KERALA\VILLAGE_KERALA.shp # 0 0 0</Process><Process ToolSource="c:\program files (x86)\arcgis\desktop10.5\ArcToolbox\Toolboxes\Conversion Tools.tbx\FeatureClassToFeatureClass" Date="20181023" Time="141602">FeatureClassToFeatureClass D:\UPDATION_ADM_BDY_2018\1_VILLAGE_BDY_LCCWGS84_2018\KERALA\VILLAGE_KERALA.shp D:\UPDATION_ADM_BDY_2018\1_VILLAGE_BDY_LCCWGS84_2018\KERALA\Kerala.gdb\Boundary Village_Boundary # "TEHSIL "TEHSIL" true true false 20 Text 0 0 ,First,#,D:\UPDATION_ADM_BDY_2018\1_VILLAGE_BDY_LCCWGS84_2018\KERALA\VILLAGE_KERALA.shp,TEHSIL,-1,-1;DISTRICT "DISTRICT" true true false 30 Text 0 0 ,First,#,D:\UPDATION_ADM_BDY_2018\1_VILLAGE_BDY_LCCWGS84_2018\KERALA\VILLAGE_KERALA.shp,DISTRICT,-1,-1;STATE "STATE" true true false 50 Text 0 0 ,First,#,D:\UPDATION_ADM_BDY_2018\1_VILLAGE_BDY_LCCWGS84_2018\KERALA\VILLAGE_KERALA.shp,STATE,-1,-1;VILLAGE "VILLAGE" true true false 50 Text 0 0 ,First,#,D:\UPDATION_ADM_BDY_2018\1_VILLAGE_BDY_LCCWGS84_2018\KERALA\VILLAGE_KERALA.shp,VILLAGE,-1,-1;Shape_Leng "Shape_Leng" true true false 19 Double 0 0 ,First,#,D:\UPDATION_ADM_BDY_2018\1_VILLAGE_BDY_LCCWGS84_2018\KERALA\VILLAGE_KERALA.shp,Shape_Leng,-1,-1;Shape_Area "Shape_Area" true true false 19 Double 0 0 ,First,#,D:\UPDATION_ADM_BDY_2018\1_VILLAGE_BDY_LCCWGS84_2018\KERALA\VILLAGE_KERALA.shp,Shape_Area,-1,-1" #</Process><Process ToolSource="c:\program files (x86)\arcgis\desktop10.5\ArcToolbox\Toolboxes\Data Management Tools.tbx\CalculateField" Date="20181023" Time="163457">CalculateField Village_Boundary STATE "KERALA" VB #</Process><Process ToolSource="c:\program files (x86)\arcgis\desktop10.7\ArcToolbox\Toolboxes\Data Management Tools.tbx\CalculateField" Date="20201124" Time="143856">CalculateField Village_Boundary DISTRICT "KOZHIKODE" VB #</Process><Process ToolSource="c:\program files (x86)\arcgis\desktop10.7\ArcToolbox\Toolboxes\Data Management Tools.tbx\CalculateField" Date="20201124" Time="144001">CalculateField Village_Boundary VILLAGE "KOZHIKODE" VB #</Process><Process ToolSource="c:\program files (x86)\arcgis\desktop10.7\ArcToolbox\Toolboxes\Data Management Tools.tbx\CalculateField" Date="20201124" Time="144642">CalculateField Village_Boundary DISTRICT "PATTANAMTHITTA" VB #</Process><Process ToolSource="c:\program files (x86)\arcgis\desktop10.7\ArcToolbox\Toolboxes\Data Management Tools.tbx\CalculateField" Date="20201124" Time="144857">CalculateField Village_Boundary VILLAGE "PATTANAMTHITTA" VB #</Process><Process ToolSource="c:\program files (x86)\arcgis\desktop10.7\ArcToolbox\Toolboxes\Data Management Tools.tbx\CalculateField" Date="20201124" Time="145002">CalculateField Village_Boundary DISTRICT "THIRUVANANTHAPURAM" VB #</Process><Process ToolSource="c:\program files (x86)\arcgis\desktop10.7\ArcToolbox\Toolboxes\Data Management Tools.tbx\CalculateField" Date="20201124" Time="145125">CalculateField Village_Boundary TEHSIL "THIRUVANANTHAPURAM" VB #</Process><Process ToolSource="c:\program files (x86)\arcgis\desktop10.7\ArcToolbox\Toolboxes\Data Management Tools.tbx\CalculateField" Date="20201124" Time="145505">CalculateField Village_Boundary DISTRICT "WAYANAD" VB #</Process></lineage></DataProperties><SyncDate>20181023</SyncDate><SyncTime>14160100</SyncTime><ModDate>20181023</ModDate><ModTime>14160100</ModTime></Esri><dataIdInfo><envirDesc Sync="TRUE">Microsoft Windows 7 Version 6.1 (Build 7601) Service Pack 1; Esri ArcGIS 10.5.1.7333</envirDesc><dataLang><languageCode value="eng" Sync="TRUE"></languageCode><countryCode value="IND" Sync="TRUE"></countryCode></dataLang><idCitation><resTitle Sync="TRUE">Village_Boundary</resTitle><presForm><PresFormCd value="005" Sync="TRUE"></PresFormCd></presForm></idCitation><spatRpType><SpatRepTypCd value="001" Sync="TRUE"></SpatRepTypCd></spatRpType></dataIdInfo><mdLang><languageCode value="eng" Sync="TRUE"></languageCode><countryCode value="IND" Sync="TRUE"></countryCode></mdLang><mdChar><CharSetCd value="004" Sync="TRUE"></CharSetCd></mdChar><distInfo><distFormat><formatName Sync="TRUE">File Geodatabase Feature Class</formatName></distFormat><distTranOps><transSize Sync="TRUE">0.000</transSize></distTranOps></distInfo><mdHrLv><ScopeCd value="005" Sync="TRUE"></ScopeCd></mdHrLv><mdHrLvName Sync="TRUE">dataset</mdHrLvName><refSysInfo><RefSystem><refSysID><identCode code="0" Sync="TRUE"></identCode><idCodeSpace Sync="TRUE">EPSG</idCodeSpace><idVersion Sync="TRUE">2.1(3.0.1)</idVersion></refSysID></RefSystem></refSysInfo><spatRepInfo><VectSpatRep><geometObjs Name="Village_Boundary"><geoObjTyp><GeoObjTypCd value="002" Sync="TRUE"></GeoObjTypCd></geoObjTyp><geoObjCnt Sync="TRUE">0</geoObjCnt></geometObjs><topLvl><TopoLevCd value="001" Sync="TRUE"></TopoLevCd></topLvl></VectSpatRep></spatRepInfo><spdoinfo><ptvctinf><esriterm Name="Village_Boundary"><efeatyp Sync="TRUE">Simple</efeatyp><efeageom code="4" Sync="TRUE"></efeageom><esritopo Sync="TRUE">FALSE</esritopo><efeacnt Sync="TRUE">0</efeacnt><spindex Sync="TRUE">TRUE</spindex><linrefer Sync="TRUE">FALSE</linrefer></esriterm></ptvctinf></spdoinfo><eainfo><detailed Name="Village_Boundary"><enttyp><enttypl Sync="TRUE">Village_Boundary</enttypl><enttypt Sync="TRUE">Feature Class</enttypt><enttypc Sync="TRUE">0</enttypc></enttyp><attr><attrlabl Sync="TRUE">OBJECTID</attrlabl><attalias Sync="TRUE">OBJECTID</attalias><attrtype Sync="TRUE">OID</attrtype><attwidth Sync="TRUE">4</attwidth><atprecis Sync="TRUE">0</atprecis><attscale Sync="TRUE">0</attscale><attrdef Sync="TRUE">Internal feature number.</attrdef><attrdefs Sync="TRUE">Esri</attrdefs><attrdomv><udom Sync="TRUE">Sequential unique whole numbers that are automatically generated.</udom></attrdomv></attr><attr><attrlabl Sync="TRUE">Shape</attrlabl><attalias Sync="TRUE">Shape</attalias><attrtype Sync="TRUE">Geometry</attrtype><attwidth Sync="TRUE">0</attwidth><atprecis Sync="TRUE">0</atprecis><attscale Sync="TRUE">0</attscale><attrdef Sync="TRUE">Feature geometry.</attrdef><attrdefs Sync="TRUE">Esri</attrdefs><attrdomv><udom Sync="TRUE">Coordinates defining the features.</udom></attrdomv></attr><attr><attrlabl Sync="TRUE">TEHSIL</attrlabl><attalias Sync="TRUE">TEHSIL</attalias><attrtype Sync="TRUE">String</attrtype><attwidth Sync="TRUE">20</attwidth><atprecis Sync="TRUE">0</atprecis><attscale Sync="TRUE">0</attscale></attr><attr><attrlabl Sync="TRUE">DISTRICT</attrlabl><attalias Sync="TRUE">DISTRICT</attalias><attrtype Sync="TRUE">String</attrtype><attwidth Sync="TRUE">30</attwidth><atprecis Sync="TRUE">0</atprecis><attscale Sync="TRUE">0</attscale></attr><attr><attrlabl Sync="TRUE">STATE</attrlabl><attalias Sync="TRUE">STATE</attalias><attrtype Sync="TRUE">String</attrtype><attwidth Sync="TRUE">50</attwidth><atprecis Sync="TRUE">0</atprecis><attscale Sync="TRUE">0</attscale></attr><attr><attrlabl Sync="TRUE">VILLAGE</attrlabl><attalias Sync="TRUE">VILLAGE</attalias><attrtype Sync="TRUE">String</attrtype><attwidth Sync="TRUE">50</attwidth><atprecis Sync="TRUE">0</atprecis><attscale Sync="TRUE">0</attscale></attr><attr><attrlabl Sync="TRUE">Shape_Leng</attrlabl><attalias Sync="TRUE">Shape_Leng</attalias><attrtype Sync="TRUE">Double</attrtype><attwidth Sync="TRUE">8</attwidth><atprecis Sync="TRUE">0</atprecis><attscale Sync="TRUE">0</attscale></attr><attr><attrlabl Sync="TRUE">Shape_Length</attrlabl><attalias Sync="TRUE">Shape_Length</attalias><attrtype Sync="TRUE">Double</attrtype><attwidth Sync="TRUE">8</attwidth><atprecis Sync="TRUE">0</atprecis><attscale Sync="TRUE">0</attscale><attrdef Sync="TRUE">Length of feature in internal units.</attrdef><attrdefs Sync="TRUE">Esri</attrdefs><attrdomv><udom Sync="TRUE">Positive real numbers that are automatically generated.</udom></attrdomv></attr><attr><attrlabl Sync="TRUE">Shape_Area</attrlabl><attalias Sync="TRUE">Shape_Area</attalias><attrtype Sync="TRUE">Double</attrtype><attwidth Sync="TRUE">8</attwidth><atprecis Sync="TRUE">0</atprecis><attscale Sync="TRUE">0</attscale><attrdef Sync="TRUE">Area of feature in internal units squared.</attrdef><attrdefs Sync="TRUE">Esri</attrdefs><attrdomv><udom Sync="TRUE">Positive real numbers that are automatically generated.</udom></attrdomv></attr></detailed></eainfo><mdDateSt Sync="TRUE">20181023</mdDateSt></metadata>
